2025-08-10 21:32:00,509 [INFO] Activator:176 - 


2025-08-10 21:32:00,511 [INFO] Activator:177 - !SESSION log4j initialized
2025-08-10 21:32:03,877 [INFO] LogOutputStream:77 - [STDOUT_REDIRECT] 
2025-08-10 21:32:06,461 [INFO] ApplicationProperties:184 - Using Application install path: C:\ST\STM32CubeIDE_1.15.1\STM32CubeIDE\plugins\com.st.stm32cube.common.mx_6.11.1.202404110753
2025-08-10 21:32:06,485 [INFO] DbMcusXml:78 - Set database path to: C:\ST\STM32CubeIDE_1.15.1\STM32CubeIDE\plugins\com.st.stm32cube.common.mx_6.11.1.202404110753\\db\/mcu/
2025-08-10 21:32:06,485 [INFO] ApiDb:274 - Set plugin database path to: C:\ST\STM32CubeIDE_1.15.1\STM32CubeIDE\plugins\com.st.stm32cube.common.mx_6.11.1.202404110753\\db\/plugins/boardmanager/
2025-08-10 21:32:06,486 [WARN] ApiDb:259 - Overriding images path with different value:  => C:\ST\STM32CubeIDE_1.15.1\STM32CubeIDE\plugins\com.st.stm32cube.common.mx_6.11.1.202404110753\\db\/plugins/mcufinder/images/
2025-08-10 21:32:06,497 [INFO] ApiDb:250 - Set database path to: C:\Users\eduar\.stmcufinder\plugins\mcufinder//mcu/
2025-08-10 21:32:06,498 [INFO] DbMcusAds:125 - Set database path to: C:\Users\eduar\.stmcufinder\plugins\mcufinder//mcu/
2025-08-10 21:32:06,501 [INFO] CrossReferenceDbSqlite:203 - Set database path to: C:\Users\eduar\.stmcufinder\plugins\mcufinder//mcu/cs/
2025-08-10 21:32:06,664 [INFO] RulesReader:64 - Compatibility file has been processed (297 Rules)
2025-08-10 21:32:06,760 [INFO] DbMcusXml:78 - Set database path to: C:\ST\STM32CubeIDE_1.15.1\STM32CubeIDE\plugins\com.st.stm32cube.common.mx_6.11.1.202404110753\\db\/mcu/
2025-08-10 21:32:06,760 [INFO] ApiDb:274 - Set plugin database path to: C:\ST\STM32CubeIDE_1.15.1\STM32CubeIDE\plugins\com.st.stm32cube.common.mx_6.11.1.202404110753\\db\/plugins/boardmanager/
2025-08-10 21:32:06,761 [INFO] ApiDb:261 - Set plugin images path to: C:\ST\STM32CubeIDE_1.15.1\STM32CubeIDE\plugins\com.st.stm32cube.common.mx_6.11.1.202404110753\\db\/plugins/mcufinder/images/
2025-08-10 21:32:06,761 [WARN] DbFile:41 - Overriding database path with different value: C:\Users\eduar\.stmcufinder\plugins\mcufinder/ => C:\Users\eduar\.stmcufinder\plugins\mcufinder
2025-08-10 21:32:06,761 [INFO] ApiDb:250 - Set database path to: C:\Users\eduar\.stmcufinder\plugins\mcufinder//mcu/
2025-08-10 21:32:06,761 [WARN] DbFile:41 - Overriding database path with different value: C:\Users\eduar\.stmcufinder\plugins\mcufinder/ => C:\Users\eduar\.stmcufinder\plugins\mcufinder
2025-08-10 21:32:06,761 [INFO] DbMcusAds:125 - Set database path to: C:\Users\eduar\.stmcufinder\plugins\mcufinder//mcu/
2025-08-10 21:32:06,761 [WARN] DbFile:41 - Overriding database path with different value: C:\Users\eduar\.stmcufinder\plugins\mcufinder/ => C:\Users\eduar\.stmcufinder\plugins\mcufinder
2025-08-10 21:32:06,761 [WARN] DbFile:41 - Overriding database path with different value: C:\Users\eduar\.stmcufinder\plugins\mcufinder/ => C:\Users\eduar\.stmcufinder\plugins\mcufinder
2025-08-10 21:32:06,761 [INFO] CrossReferenceDbSqlite:203 - Set database path to: C:\Users\eduar\.stmcufinder\plugins\mcufinder//mcu/cs/
2025-08-10 21:32:06,854 [INFO] MainPanel:264 - HeapMemory: 268435456
2025-08-10 21:32:06,956 [INFO] DbMcusXml:78 - Set database path to: C:\ST\STM32CubeIDE_1.15.1\STM32CubeIDE\plugins\com.st.stm32cube.common.mx_6.11.1.202404110753\\db\/mcu/
2025-08-10 21:32:06,956 [INFO] ApiDb:274 - Set plugin database path to: C:\ST\STM32CubeIDE_1.15.1\STM32CubeIDE\plugins\com.st.stm32cube.common.mx_6.11.1.202404110753\\db\/plugins/boardmanager/
2025-08-10 21:32:06,956 [INFO] ApiDb:261 - Set plugin images path to: C:\ST\STM32CubeIDE_1.15.1\STM32CubeIDE\plugins\com.st.stm32cube.common.mx_6.11.1.202404110753\\db\/plugins/mcufinder/images/
2025-08-10 21:32:06,957 [WARN] DbFile:41 - Overriding database path with different value: C:\Users\eduar\.stmcufinder\plugins\mcufinder/ => C:\Users\eduar\.stmcufinder\plugins\mcufinder
2025-08-10 21:32:06,957 [INFO] ApiDb:250 - Set database path to: C:\Users\eduar\.stmcufinder\plugins\mcufinder//mcu/
2025-08-10 21:32:06,957 [WARN] DbFile:41 - Overriding database path with different value: C:\Users\eduar\.stmcufinder\plugins\mcufinder/ => C:\Users\eduar\.stmcufinder\plugins\mcufinder
2025-08-10 21:32:06,957 [INFO] DbMcusAds:125 - Set database path to: C:\Users\eduar\.stmcufinder\plugins\mcufinder//mcu/
2025-08-10 21:32:06,957 [WARN] DbFile:41 - Overriding database path with different value: C:\Users\eduar\.stmcufinder\plugins\mcufinder/ => C:\Users\eduar\.stmcufinder\plugins\mcufinder
2025-08-10 21:32:06,958 [WARN] DbFile:41 - Overriding database path with different value: C:\Users\eduar\.stmcufinder\plugins\mcufinder/ => C:\Users\eduar\.stmcufinder\plugins\mcufinder
2025-08-10 21:32:06,958 [INFO] CrossReferenceDbSqlite:203 - Set database path to: C:\Users\eduar\.stmcufinder\plugins\mcufinder//mcu/cs/
2025-08-10 21:32:06,979 [INFO] ApplicationProperties:184 - Using Application install path: C:\ST\STM32CubeIDE_1.15.1\STM32CubeIDE\plugins\com.st.stm32cube.common.mx_6.11.1.202404110753
2025-08-10 21:32:06,982 [INFO] PluginManage:196 - Search for loadable plugins [exclusion list=, ]
2025-08-10 21:32:06,984 [INFO] PluginManage:310 - Check plugin analytics
2025-08-10 21:32:07,193 [INFO] AnalyticsPlugin:253 - Accepted Software Licenses: 
2025-08-10 21:32:07,194 [INFO] AnalyticsPlugin:255 - Accepted CMSIS Pack Licenses: 
2025-08-10 21:32:07,195 [INFO] AnalyticsPlugin:257 - Accepted Firmware Licenses: FW.F4.1.28.0
2025-08-10 21:32:07,199 [INFO] PluginManage:359 - Loaded plugin analytics (category:tool,tabindex:-1)
2025-08-10 21:32:07,200 [INFO] PluginManage:310 - Check plugin cadmodel
2025-08-10 21:32:07,210 [INFO] CADModel:105 - Init CAD model plugin
2025-08-10 21:32:07,210 [INFO] PluginManage:359 - Loaded plugin cadmodel (category:power,tabindex:5)
2025-08-10 21:32:07,210 [INFO] PluginManage:310 - Check plugin clock
2025-08-10 21:32:07,225 [INFO] PluginManage:359 - Loaded plugin clock (category:base,tabindex:2)
2025-08-10 21:32:07,225 [INFO] PluginManage:310 - Check plugin ddr
2025-08-10 21:32:07,229 [INFO] PluginManage:359 - Loaded plugin ddr (category:tool,tabindex:6)
2025-08-10 21:32:07,229 [INFO] PluginManage:310 - Check plugin filemanager
2025-08-10 21:32:07,487 [INFO] PluginManage:359 - Loaded plugin filemanager (category:base,tabindex:10)
2025-08-10 21:32:07,487 [INFO] PluginManage:310 - Check plugin ipmanager
2025-08-10 21:32:07,504 [INFO] PluginManage:359 - Loaded plugin ipmanager (category:base,tabindex:5)
2025-08-10 21:32:07,504 [INFO] PluginManage:310 - Check plugin lpbam
2025-08-10 21:32:07,529 [INFO] PluginManage:359 - Loaded plugin lpbam (category:base,tabindex:0)
2025-08-10 21:32:07,530 [INFO] PluginManage:310 - Check plugin memorymap
2025-08-10 21:32:07,556 [INFO] PluginManage:359 - Loaded plugin memorymap (category:base,tabindex:4)
2025-08-10 21:32:07,556 [INFO] PluginManage:310 - Check plugin pinoutandconfiguration
2025-08-10 21:32:07,564 [INFO] PluginManage:359 - Loaded plugin pinoutandconfiguration (category:base,tabindex:1)
2025-08-10 21:32:07,565 [INFO] PluginManage:310 - Check plugin pinoutconfig
2025-08-10 21:32:07,689 [WARN] SupportedApi:132 - Cannot load RTOS API schema: s4s-elt-must-match.1: The content of 'definitions' must match (annotation?, (simpleType | complexType)?, (unique | key | keyref)*)). A problem was found starting at: attribute.
2025-08-10 21:32:07,859 [INFO] PluginManage:359 - Loaded plugin pinoutconfig (category:base,tabindex:0)
2025-08-10 21:32:07,860 [INFO] PluginManage:310 - Check plugin power
2025-08-10 21:32:07,871 [INFO] PluginManage:359 - Loaded plugin power (category:power,tabindex:4)
2025-08-10 21:32:07,871 [INFO] PluginManage:310 - Check plugin projectmanager
2025-08-10 21:32:07,889 [INFO] PluginManage:359 - Loaded plugin projectmanager (category:projectmanager,tabindex:3)
2025-08-10 21:32:07,889 [INFO] PluginManage:310 - Check plugin thirdparty
2025-08-10 21:32:08,047 [INFO] PluginManage:359 - Loaded plugin thirdparty (category:base,tabindex:-1)
2025-08-10 21:32:08,047 [INFO] PluginManage:310 - Check plugin tools
2025-08-10 21:32:08,047 [WARN] IntegrityCheckThread:84 - waiting for thirdparty lock release [integrity check]
2025-08-10 21:32:08,047 [INFO] IntegrityCheckThread:86 - entering critical section [integrity check]
2025-08-10 21:32:08,048 [INFO] ThirdPartyUpdaterWithRetryManager:70 - Updater plugin not ready yet. [1/15]
2025-08-10 21:32:08,052 [INFO] PluginManage:359 - Loaded plugin tools (category:base,tabindex:7)
2025-08-10 21:32:08,052 [INFO] PluginManage:310 - Check plugin tutovideos
2025-08-10 21:32:08,282 [INFO] PluginManage:359 - Loaded plugin tutovideos (category:base,tabindex:-1)
2025-08-10 21:32:08,282 [INFO] PluginManage:310 - Check plugin updater
2025-08-10 21:32:08,296 [INFO] PluginManage:359 - Loaded plugin updater (category:base,tabindex:12)
2025-08-10 21:32:08,296 [INFO] PluginManage:310 - Check plugin userauth
2025-08-10 21:32:08,304 [INFO] UserAuth:114 - Init User Auth plugin
2025-08-10 21:32:08,304 [INFO] PluginManage:359 - Loaded plugin userauth (category:base,tabindex:14)
2025-08-10 21:32:08,305 [INFO] PluginManage:283 - PluginManage : Loaded plugins [17]
2025-08-10 21:32:08,649 [INFO] PinOutPanel:1561 - setPackage(No Configuration,No Configuration)
2025-08-10 21:32:08,764 [INFO] CADModel:165 - CPN selected for project level
2025-08-10 21:32:08,765 [INFO] CADModel:114 - Register for checkConnection events
2025-08-10 21:32:08,801 [INFO] IPUIPlugin:80 - create IPUIPlugin
2025-08-10 21:32:08,801 [INFO] PluginManager:220 - loadIPPluginJar : add adc
2025-08-10 21:32:08,806 [INFO] IPUIPlugin:80 - create IPUIPlugin
2025-08-10 21:32:08,807 [INFO] PluginManager:220 - loadIPPluginJar : add aes
2025-08-10 21:32:08,810 [INFO] IPUIPlugin:80 - create IPUIPlugin
2025-08-10 21:32:08,810 [INFO] PluginManager:220 - loadIPPluginJar : add can
2025-08-10 21:32:08,812 [INFO] IPUIPlugin:80 - create IPUIPlugin
2025-08-10 21:32:08,812 [INFO] PluginManager:220 - loadIPPluginJar : add comp
2025-08-10 21:32:08,816 [INFO] IPUIPlugin:80 - create IPUIPlugin
2025-08-10 21:32:08,816 [INFO] PluginManager:220 - loadIPPluginJar : add cryp
2025-08-10 21:32:08,820 [INFO] IPUIPlugin:80 - create IPUIPlugin
2025-08-10 21:32:08,820 [INFO] PluginManager:220 - loadIPPluginJar : add dfsdm
2025-08-10 21:32:08,827 [INFO] IPUIPlugin:80 - create IPUIPlugin
2025-08-10 21:32:08,828 [INFO] PluginManager:220 - loadIPPluginJar : add dma
2025-08-10 21:32:08,831 [INFO] IPUIPlugin:80 - create IPUIPlugin
2025-08-10 21:32:08,831 [INFO] PluginManager:220 - loadIPPluginJar : add dma3
2025-08-10 21:32:08,837 [INFO] IPUIPlugin:80 - create IPUIPlugin
2025-08-10 21:32:08,837 [INFO] PluginManager:220 - loadIPPluginJar : add extmemmanager
2025-08-10 21:32:08,839 [INFO] IPUIPlugin:80 - create IPUIPlugin
2025-08-10 21:32:08,839 [INFO] PluginManager:220 - loadIPPluginJar : add fatfs
2025-08-10 21:32:08,845 [INFO] IPUIPlugin:80 - create IPUIPlugin
2025-08-10 21:32:08,845 [INFO] PluginManager:220 - loadIPPluginJar : add fmc
2025-08-10 21:32:08,852 [INFO] IPUIPlugin:80 - create IPUIPlugin
2025-08-10 21:32:08,852 [INFO] PluginManager:220 - loadIPPluginJar : add freertos
2025-08-10 21:32:08,854 [INFO] IPUIPlugin:80 - create IPUIPlugin
2025-08-10 21:32:08,855 [INFO] PluginManager:220 - loadIPPluginJar : add genericplugin
2025-08-10 21:32:08,859 [INFO] IPUIPlugin:80 - create IPUIPlugin
2025-08-10 21:32:08,859 [INFO] PluginManager:220 - loadIPPluginJar : add gfxmmu
2025-08-10 21:32:08,867 [INFO] IPUIPlugin:80 - create IPUIPlugin
2025-08-10 21:32:08,867 [INFO] PluginManager:220 - loadIPPluginJar : add gic
2025-08-10 21:32:08,872 [INFO] IPUIPlugin:80 - create IPUIPlugin
2025-08-10 21:32:08,872 [INFO] PluginManager:220 - loadIPPluginJar : add gpio
2025-08-10 21:32:08,875 [INFO] IPUIPlugin:80 - create IPUIPlugin
2025-08-10 21:32:08,875 [INFO] PluginManager:220 - loadIPPluginJar : add gtzc
2025-08-10 21:32:08,879 [INFO] IPUIPlugin:80 - create IPUIPlugin
2025-08-10 21:32:08,879 [INFO] PluginManager:220 - loadIPPluginJar : add hash
2025-08-10 21:32:08,883 [INFO] IPUIPlugin:80 - create IPUIPlugin
2025-08-10 21:32:08,883 [INFO] PluginManager:220 - loadIPPluginJar : add i2c
2025-08-10 21:32:08,886 [INFO] IPUIPlugin:80 - create IPUIPlugin
2025-08-10 21:32:08,886 [INFO] PluginManager:220 - loadIPPluginJar : add i2s
2025-08-10 21:32:08,889 [INFO] IPUIPlugin:80 - create IPUIPlugin
2025-08-10 21:32:08,889 [INFO] PluginManager:220 - loadIPPluginJar : add i3c
2025-08-10 21:32:08,896 [INFO] IPUIPlugin:80 - create IPUIPlugin
2025-08-10 21:32:08,896 [INFO] PluginManager:220 - loadIPPluginJar : add ipddr
2025-08-10 21:32:08,904 [INFO] IPUIPlugin:80 - create IPUIPlugin
2025-08-10 21:32:08,904 [INFO] PluginManager:220 - loadIPPluginJar : add linkedlist
2025-08-10 21:32:08,907 [INFO] IPUIPlugin:80 - create IPUIPlugin
2025-08-10 21:32:08,908 [INFO] PluginManager:220 - loadIPPluginJar : add lorawan
2025-08-10 21:32:08,910 [INFO] IPUIPlugin:80 - create IPUIPlugin
2025-08-10 21:32:08,911 [INFO] PluginManager:220 - loadIPPluginJar : add ltdc
2025-08-10 21:32:08,919 [INFO] IPUIPlugin:80 - create IPUIPlugin
2025-08-10 21:32:08,921 [INFO] PluginManager:220 - loadIPPluginJar : add mdma
2025-08-10 21:32:08,925 [INFO] IPUIPlugin:80 - create IPUIPlugin
2025-08-10 21:32:08,925 [INFO] PluginManager:220 - loadIPPluginJar : add nvic
2025-08-10 21:32:08,929 [INFO] IPUIPlugin:80 - create IPUIPlugin
2025-08-10 21:32:08,930 [INFO] PluginManager:220 - loadIPPluginJar : add opamp
2025-08-10 21:32:08,934 [INFO] IPUIPlugin:80 - create IPUIPlugin
2025-08-10 21:32:08,934 [INFO] PluginManager:220 - loadIPPluginJar : add openamp
2025-08-10 21:32:08,939 [INFO] IPUIPlugin:80 - create IPUIPlugin
2025-08-10 21:32:08,939 [INFO] PluginManager:220 - loadIPPluginJar : add pdm2pcm
2025-08-10 21:32:08,949 [INFO] IPUIPlugin:80 - create IPUIPlugin
2025-08-10 21:32:08,953 [INFO] PluginManager:220 - loadIPPluginJar : add plateformsettings
2025-08-10 21:32:08,954 [INFO] IPUIPlugin:80 - create IPUIPlugin
2025-08-10 21:32:08,955 [INFO] PluginManager:220 - loadIPPluginJar : add quadspi
2025-08-10 21:32:08,959 [INFO] IPUIPlugin:80 - create IPUIPlugin
2025-08-10 21:32:08,959 [INFO] PluginManager:220 - loadIPPluginJar : add resmgrutility
2025-08-10 21:32:08,964 [INFO] IPUIPlugin:80 - create IPUIPlugin
2025-08-10 21:32:08,965 [INFO] PluginManager:220 - loadIPPluginJar : add sai
2025-08-10 21:32:08,968 [INFO] IPUIPlugin:80 - create IPUIPlugin
2025-08-10 21:32:08,968 [INFO] PluginManager:220 - loadIPPluginJar : add spi
2025-08-10 21:32:08,975 [INFO] IPUIPlugin:80 - create IPUIPlugin
2025-08-10 21:32:08,975 [INFO] PluginManager:220 - loadIPPluginJar : add stm32_wpan
2025-08-10 21:32:08,977 [INFO] IPUIPlugin:80 - create IPUIPlugin
2025-08-10 21:32:08,977 [INFO] PluginManager:220 - loadIPPluginJar : add tim
2025-08-10 21:32:08,982 [INFO] IPUIPlugin:80 - create IPUIPlugin
2025-08-10 21:32:08,982 [INFO] PluginManager:220 - loadIPPluginJar : add touchsensing
2025-08-10 21:32:08,984 [INFO] IPUIPlugin:80 - create IPUIPlugin
2025-08-10 21:32:08,985 [INFO] PluginManager:220 - loadIPPluginJar : add tracer_emb
2025-08-10 21:32:08,987 [INFO] IPUIPlugin:80 - create IPUIPlugin
2025-08-10 21:32:08,987 [INFO] PluginManager:220 - loadIPPluginJar : add ts
2025-08-10 21:32:08,989 [INFO] IPUIPlugin:80 - create IPUIPlugin
2025-08-10 21:32:08,990 [INFO] PluginManager:220 - loadIPPluginJar : add tsc
2025-08-10 21:32:08,993 [INFO] IPUIPlugin:80 - create IPUIPlugin
2025-08-10 21:32:08,993 [INFO] PluginManager:220 - loadIPPluginJar : add ucpd
2025-08-10 21:32:08,996 [INFO] IPUIPlugin:80 - create IPUIPlugin
2025-08-10 21:32:08,996 [INFO] PluginManager:220 - loadIPPluginJar : add usart
2025-08-10 21:32:09,000 [INFO] IPUIPlugin:80 - create IPUIPlugin
2025-08-10 21:32:09,000 [INFO] PluginManager:220 - loadIPPluginJar : add usbx
2025-08-10 21:32:09,134 [INFO] CADModel:165 - CPN selected for project level
2025-08-10 21:32:09,134 [INFO] CADModel:114 - Register for checkConnection events
2025-08-10 21:32:09,134 [FATAL] Updater:308 - Updater called before beeing initialized
2025-08-10 21:32:09,135 [ERROR] CADModel:125 - Updater not yet initialized, retry later 
2025-08-10 21:32:09,336 [INFO] CADModel:165 - CPN selected for project level
2025-08-10 21:32:09,337 [INFO] CADModel:114 - Register for checkConnection events
2025-08-10 21:32:09,337 [FATAL] Updater:308 - Updater called before beeing initialized
2025-08-10 21:32:09,337 [ERROR] CADModel:125 - Updater not yet initialized, retry later 
2025-08-10 21:32:09,341 [FATAL] Updater:308 - Updater called before beeing initialized
2025-08-10 21:32:09,533 [FATAL] Updater:308 - Updater called before beeing initialized
2025-08-10 21:32:09,540 [INFO] DbMcusAds:53 - JSON generation date=Tue Jul 08 05:14:23 BRT 2025 (1751962463582)
2025-08-10 21:32:09,541 [FATAL] Updater:308 - Updater called before beeing initialized
2025-08-10 21:32:09,606 [WARN] DetailPanel:346 - Failed to get advertising image, set to default
2025-08-10 21:32:09,808 [FATAL] Updater:308 - Updater called before beeing initialized
2025-08-10 21:32:09,815 [FATAL] Updater:308 - Updater called before beeing initialized
2025-08-10 21:32:09,815 [FATAL] Updater:308 - Updater called before beeing initialized
2025-08-10 21:32:09,816 [WARN] DetailPanel:346 - Failed to get advertising image, set to default
2025-08-10 21:32:09,817 [FATAL] Updater:308 - Updater called before beeing initialized
2025-08-10 21:32:09,932 [ERROR] Updater:1120 - MainUpdater not yet initialized. External WinMGr cannot be set.
2025-08-10 21:32:09,938 [INFO] Updater:1056 - Updater Version found : 6.11.1
2025-08-10 21:32:09,982 [INFO] ApplicationProperties:184 - Using Application install path: C:\ST\STM32CubeIDE_1.15.1\STM32CubeIDE\plugins\com.st.stm32cube.common.mx_6.11.1.202404110753
2025-08-10 21:32:11,050 [INFO] ThirdPartyUpdaterWithRetryManager:70 - Updater plugin not ready yet. [2/15]
2025-08-10 21:32:11,574 [ERROR] LogOutputStream:75 - [STDERR_REDIRECT] Aug 10, 2025 9:32:11 PM java.util.prefs.WindowsPreferences <init>
2025-08-10 21:32:11,576 [ERROR] LogOutputStream:75 - [STDERR_REDIRECT] WARNING: Could not open/create prefs root node Software\JavaSoft\Prefs at root 0xffffffff80000002. Windows RegCreateKeyEx(...) returned error code 5.
2025-08-10 21:32:11,576 [ERROR] LogOutputStream:75 - [STDERR_REDIRECT] 
2025-08-10 21:32:11,955 [INFO] MainUpdater:2873 - connection check result : 10
2025-08-10 21:32:11,957 [INFO] MainUpdater:290 - Updater Check For Update Now.
2025-08-10 21:32:11,957 [INFO] MicroXplorer:498 - Change Database Version : DB.6.0.111
2025-08-10 21:32:11,970 [INFO] McuFinderGlobals:63 - Set McuFinder mode to 2 (CubeIDE integrated)
2025-08-10 21:32:11,970 [INFO] UserAuth:179 - activating auth plugin
2025-08-10 21:32:11,974 [INFO] UserAuth:415 - Internet connection configuration mode: 1
2025-08-10 21:32:12,012 [INFO] JxBrowserEngine:152 - Initiate JxBrowser Engine with user profile folder
2025-08-10 21:32:12,189 [INFO] CheckServerUpdateThread:120 - End of CheckServer Thread
2025-08-10 21:32:13,386 [INFO] WebApp:161 - Instantiating new browser for Auth
2025-08-10 21:32:14,529 [WARN] PackLoader:240 - Cannot read IP mode file for STMicroelectronics.FP-SNS-MOTENVWB1.1.4.0
2025-08-10 21:32:14,546 [WARN] PackLoader:240 - Cannot read IP mode file for STMicroelectronics.FP-ATR-ASTRA1.2.0.2
2025-08-10 21:32:14,555 [INFO] WebApp:779 - Register for checkConnection events
2025-08-10 21:32:14,556 [INFO] WebApp:414 - Apply proxy settings
2025-08-10 21:32:14,556 [INFO] WebApp:499 - Chromium requires no authentication
2025-08-10 21:32:14,562 [WARN] PackLoader:240 - Cannot read IP mode file for STMicroelectronics.X-CUBE-SMBUS.2.1.0
2025-08-10 21:32:14,568 [ERROR] Engine:466 - C:\Users\eduar\.stm32cubemx\thirdparties\pdsc\STMicroelectronics.X-CUBE-ST60.1.0.0.pdsc: PDSC version is not supported
2025-08-10 21:32:14,574 [INFO] WebApp:442 - Direct internet connection detected
2025-08-10 21:32:14,629 [WARN] PackLoader:240 - Cannot read IP mode file for STMicroelectronics.X-CUBE-AZRTOS-F7.1.1.0
2025-08-10 21:32:14,706 [WARN] PackLoader:240 - Cannot read IP mode file for Infineon.AIROC-Wi-Fi-Bluetooth-STM32.1.7.1
2025-08-10 21:32:14,786 [WARN] PackLoader:240 - Cannot read IP mode file for STMicroelectronics.X-CUBE-AZRTOS-H7.3.4.0
2025-08-10 21:32:14,815 [WARN] PackLoader:240 - Cannot read IP mode file for STMicroelectronics.X-CUBE-DISPLAY.3.0.0
2025-08-10 21:32:14,845 [WARN] PackLoader:240 - Cannot read IP mode file for STMicroelectronics.X-CUBE-NFC10.1.0.0
2025-08-10 21:32:14,856 [ERROR] Engine:466 - C:\Users\eduar\.stm32cubemx\thirdparties\pdsc\STMicroelectronics.FP-SNS-STBOX1.2.1.0.pdsc: PDSC version is not supported
2025-08-10 21:32:14,866 [WARN] PackLoader:240 - Cannot read IP mode file for STMicroelectronics.FP-SNS-SMARTAG2.1.2.0
2025-08-10 21:32:14,872 [ERROR] Engine:466 - C:\Users\eduar\.stm32cubemx\thirdparties\pdsc\STMicroelectronics.FP-SNS-FLIGHT1.5.1.0.pdsc: PDSC version is not supported
2025-08-10 21:32:14,886 [INFO] LogOutputStream:77 - [STDOUT_REDIRECT] 1 : Invalid condition id : UX_CORESTACK_Condition cause : null
2025-08-10 21:32:14,887 [INFO] LogOutputStream:77 - [STDOUT_REDIRECT] 1 : Invalid condition id : UX_CORESTACK_Condition cause : null
2025-08-10 21:32:14,889 [INFO] LogOutputStream:77 - [STDOUT_REDIRECT] 1 : Invalid condition id : UX_CORESTACK_Condition cause : null
2025-08-10 21:32:14,891 [INFO] LogOutputStream:77 - [STDOUT_REDIRECT] 1 : Invalid condition id : UX_CORESTACK_Condition cause : null
2025-08-10 21:32:14,893 [INFO] LogOutputStream:77 - [STDOUT_REDIRECT] 1 : Invalid condition id : UX_CORESTACK_Condition cause : null
2025-08-10 21:32:14,902 [WARN] PackLoader:240 - Cannot read IP mode file for STMicroelectronics.X-CUBE-AZRTOS-WL.2.0.0
2025-08-10 21:32:14,913 [WARN] PackLoader:240 - Cannot read IP mode file for STMicroelectronics.FP-SNS-MOTENV1.5.0.0
2025-08-10 21:32:14,928 [WARN] PackLoader:240 - Cannot read IP mode file for WES.I-CUBE-Cesium.1.3.0
2025-08-10 21:32:14,937 [WARN] PackLoader:240 - Cannot read IP mode file for STMicroelectronics.X-CUBE-BLE2.3.3.0
2025-08-10 21:32:14,948 [WARN] PackLoader:240 - Cannot read IP mode file for STMicroelectronics.X-CUBE-NFC9.1.0.0
2025-08-10 21:32:14,963 [WARN] PackLoader:240 - Cannot read IP mode file for wolfSSL.I-CUBE-wolfSSL.5.8.2
2025-08-10 21:32:14,970 [WARN] PackLoader:240 - Cannot read IP mode file for STMicroelectronics.X-CUBE-BLE1.7.1.0
2025-08-10 21:32:14,977 [WARN] PackLoader:240 - Cannot read IP mode file for wolfSSL.I-CUBE-wolfMQTT.1.19.2
2025-08-10 21:32:14,988 [WARN] PackLoader:240 - Cannot read IP mode file for STMicroelectronics.X-CUBE-EEPRMA1.5.2.0
2025-08-10 21:32:15,026 [WARN] PackLoader:240 - Cannot read IP mode file for STMicroelectronics.X-CUBE-AZRTOS-G0.1.1.0
2025-08-10 21:32:15,040 [WARN] PackLoader:240 - Cannot read IP mode file for STMicroelectronics.X-CUBE-SAFEA1.1.2.2
2025-08-10 21:32:15,047 [WARN] PackLoader:240 - Cannot read IP mode file for STMicroelectronics.X-CUBE-NFC4.3.0.0
2025-08-10 21:32:15,063 [WARN] PackLoader:240 - Cannot read IP mode file for EmbeddedOffice.I-CUBE-FS-RTOS.1.0.1
2025-08-10 21:32:15,063 [ERROR] ConditionMgr:805 - Attr not supported : Dmpu
2025-08-10 21:32:15,063 [ERROR] ConditionMgr:805 - Attr not supported : Dmpu
2025-08-10 21:32:15,063 [ERROR] ConditionMgr:805 - Attr not supported : Dmpu
2025-08-10 21:32:15,063 [ERROR] ConditionMgr:805 - Attr not supported : Dmpu
2025-08-10 21:32:15,063 [ERROR] ConditionMgr:805 - Attr not supported : Dmpu
2025-08-10 21:32:15,063 [ERROR] ConditionMgr:805 - Attr not supported : Dmpu
2025-08-10 21:32:15,064 [ERROR] ConditionMgr:805 - Attr not supported : Dmpu
2025-08-10 21:32:15,064 [ERROR] ConditionMgr:805 - Attr not supported : Dmpu
2025-08-10 21:32:15,064 [ERROR] ConditionMgr:805 - Attr not supported : Dmpu
2025-08-10 21:32:15,064 [ERROR] ConditionMgr:805 - Attr not supported : Dmpu
2025-08-10 21:32:15,064 [ERROR] ConditionMgr:805 - Attr not supported : Dmpu
2025-08-10 21:32:15,064 [ERROR] ConditionMgr:805 - Attr not supported : Dmpu
2025-08-10 21:32:15,064 [ERROR] ConditionMgr:805 - Attr not supported : Dmpu
2025-08-10 21:32:15,064 [ERROR] ConditionMgr:805 - Attr not supported : Dmpu
2025-08-10 21:32:15,064 [ERROR] ConditionMgr:805 - Attr not supported : Dmpu
2025-08-10 21:32:15,065 [ERROR] ConditionMgr:805 - Attr not supported : Dmpu
2025-08-10 21:32:15,065 [ERROR] ConditionMgr:805 - Attr not supported : Dmpu
2025-08-10 21:32:15,065 [ERROR] ConditionMgr:805 - Attr not supported : Dmpu
2025-08-10 21:32:15,065 [ERROR] ConditionMgr:805 - Attr not supported : Dmpu
2025-08-10 21:32:15,065 [ERROR] ConditionMgr:805 - Attr not supported : Dmpu
2025-08-10 21:32:15,065 [ERROR] ConditionMgr:805 - Attr not supported : Dmpu
2025-08-10 21:32:15,065 [ERROR] ConditionMgr:805 - Attr not supported : Dmpu
2025-08-10 21:32:15,065 [ERROR] ConditionMgr:805 - Attr not supported : Dmpu
2025-08-10 21:32:15,065 [ERROR] ConditionMgr:805 - Attr not supported : Dmpu
2025-08-10 21:32:15,065 [ERROR] ConditionMgr:805 - Attr not supported : Dmpu
2025-08-10 21:32:15,065 [ERROR] ConditionMgr:805 - Attr not supported : Dmpu
2025-08-10 21:32:15,065 [ERROR] ConditionMgr:805 - Attr not supported : Dmpu
2025-08-10 21:32:15,065 [ERROR] ConditionMgr:805 - Attr not supported : Dmpu
2025-08-10 21:32:15,065 [ERROR] ConditionMgr:805 - Attr not supported : Dmpu
2025-08-10 21:32:15,065 [ERROR] ConditionMgr:805 - Attr not supported : Dmpu
2025-08-10 21:32:15,066 [ERROR] ConditionMgr:805 - Attr not supported : Dmpu
2025-08-10 21:32:15,066 [ERROR] ConditionMgr:805 - Attr not supported : Dmpu
2025-08-10 21:32:15,066 [ERROR] ConditionMgr:805 - Attr not supported : Dmpu
2025-08-10 21:32:15,066 [ERROR] ConditionMgr:805 - Attr not supported : Dmpu
2025-08-10 21:32:15,066 [ERROR] ConditionMgr:805 - Attr not supported : Dmpu
2025-08-10 21:32:15,066 [ERROR] ConditionMgr:805 - Attr not supported : Dmpu
2025-08-10 21:32:15,066 [ERROR] ConditionMgr:805 - Attr not supported : Dmpu
2025-08-10 21:32:15,066 [ERROR] ConditionMgr:805 - Attr not supported : Dmpu
2025-08-10 21:32:15,067 [ERROR] ConditionMgr:805 - Attr not supported : Dmpu
2025-08-10 21:32:15,067 [ERROR] ConditionMgr:805 - Attr not supported : Dmpu
2025-08-10 21:32:15,067 [ERROR] ConditionMgr:805 - Attr not supported : Dmpu
2025-08-10 21:32:15,067 [ERROR] ConditionMgr:805 - Attr not supported : Dmpu
2025-08-10 21:32:15,067 [ERROR] ConditionMgr:805 - Attr not supported : Dmpu
2025-08-10 21:32:15,067 [ERROR] ConditionMgr:805 - Attr not supported : Dmpu
2025-08-10 21:32:15,067 [ERROR] ConditionMgr:805 - Attr not supported : Dmpu
2025-08-10 21:32:15,067 [ERROR] ConditionMgr:805 - Attr not supported : Dmpu
2025-08-10 21:32:15,067 [ERROR] ConditionMgr:805 - Attr not supported : Dmpu
2025-08-10 21:32:15,067 [ERROR] ConditionMgr:805 - Attr not supported : Dmpu
2025-08-10 21:32:15,067 [ERROR] ConditionMgr:805 - Attr not supported : Dmpu
2025-08-10 21:32:15,067 [ERROR] ConditionMgr:805 - Attr not supported : Dmpu
2025-08-10 21:32:15,067 [ERROR] ConditionMgr:805 - Attr not supported : Dmpu
2025-08-10 21:32:15,067 [ERROR] ConditionMgr:805 - Attr not supported : Dmpu
2025-08-10 21:32:15,067 [ERROR] ConditionMgr:805 - Attr not supported : Dmpu
2025-08-10 21:32:15,069 [ERROR] ConditionMgr:805 - Attr not supported : Dmpu
2025-08-10 21:32:15,069 [ERROR] ConditionMgr:805 - Attr not supported : Dmpu
2025-08-10 21:32:15,069 [ERROR] ConditionMgr:805 - Attr not supported : Dmpu
2025-08-10 21:32:15,069 [ERROR] ConditionMgr:805 - Attr not supported : Dmpu
2025-08-10 21:32:15,069 [ERROR] ConditionMgr:805 - Attr not supported : Dmpu
2025-08-10 21:32:15,069 [ERROR] ConditionMgr:805 - Attr not supported : Dmpu
2025-08-10 21:32:15,069 [ERROR] ConditionMgr:805 - Attr not supported : Dmpu
2025-08-10 21:32:15,069 [ERROR] ConditionMgr:805 - Attr not supported : Dmpu
2025-08-10 21:32:15,069 [ERROR] ConditionMgr:805 - Attr not supported : Dmpu
2025-08-10 21:32:15,069 [ERROR] ConditionMgr:805 - Attr not supported : Dmpu
2025-08-10 21:32:15,069 [ERROR] ConditionMgr:805 - Attr not supported : Dmpu
2025-08-10 21:32:15,077 [WARN] PackLoader:240 - Cannot read IP mode file for STMicroelectronics.X-CUBE-WB05N.2.0.0
2025-08-10 21:32:15,084 [WARN] PackLoader:240 - Cannot read IP mode file for wolfSSL.I-CUBE-wolfTPM.3.8.0
2025-08-10 21:32:15,089 [INFO] WebApp:192 - Starting web application
2025-08-10 21:32:15,089 [ERROR] Engine:466 - C:\Users\eduar\.stm32cubemx\thirdparties\pdsc\STMicroelectronics.X-CUBE-TCPP.4.2.0.pdsc: PDSC version is not supported
2025-08-10 21:32:15,090 [INFO] WebApp:544 - Web application path used C:\ST\STM32CubeIDE_1.15.1\STM32CubeIDE\plugins\com.st.stm32cube.common.mx_6.11.1.202404110753\db\plugins\mcufinder\reactClient1\index.html
2025-08-10 21:32:15,099 [WARN] PackLoader:240 - Cannot read IP mode file for RealThread.X-CUBE-RT-Thread_Nano.4.1.1
2025-08-10 21:32:15,112 [WARN] PackLoader:240 - Cannot read IP mode file for STMicroelectronics.FP-ATR-SIGFOX1.3.2.0
2025-08-10 21:32:15,125 [WARN] PackLoader:240 - Cannot read IP mode file for ITTIA_DB.I-CUBE-ITTIADB.8.9.0
2025-08-10 21:32:15,133 [ERROR] Engine:466 - C:\Users\eduar\.stm32cubemx\thirdparties\pdsc\STMicroelectronics.X-CUBE-ST67W61.1.0.0.pdsc: PDSC version is not supported
2025-08-10 21:32:15,140 [WARN] PackLoader:240 - Cannot read IP mode file for STMicroelectronics.X-CUBE-AI.10.2.0
2025-08-10 21:32:15,192 [WARN] PackLoader:240 - Cannot read IP mode file for SEGGER.I-CUBE-embOS.1.3.1
2025-08-10 21:32:15,262 [WARN] PackLoader:240 - Cannot read IP mode file for STMicroelectronics.X-CUBE-ALGOBUILD.1.4.0
2025-08-10 21:32:15,378 [WARN] PackLoader:240 - Cannot read IP mode file for STMicroelectronics.X-CUBE-MEMS1.11.3.0
2025-08-10 21:32:15,646 [WARN] PackLoader:240 - Cannot read IP mode file for STMicroelectronics.X-CUBE-PM33A1.1.0.0
2025-08-10 21:32:15,680 [WARN] PackLoader:240 - Cannot read IP mode file for STMicroelectronics.X-CUBE-AZRTOS-F4.1.1.0
2025-08-10 21:32:15,689 [ERROR] Engine:466 - C:\Users\eduar\.stm32cubemx\thirdparties\pdsc\Avnet-IotConnect.X-CUBE-IoTC-DA16k-PMOD.1.0.0.pdsc: PDSC version is not supported
2025-08-10 21:32:15,702 [WARN] PackLoader:240 - Cannot read IP mode file for STMicroelectronics.X-CUBE-ISPU.2.1.0
2025-08-10 21:32:15,715 [WARN] PackLoader:240 - Cannot read IP mode file for STMicroelectronics.X-CUBE-NFC12.1.0.0
2025-08-10 21:32:15,750 [WARN] PackLoader:240 - Cannot read IP mode file for STMicroelectronics.X-CUBE-AZRTOS-L5.2.0.0
2025-08-10 21:32:15,771 [WARN] PackLoader:240 - Cannot read IP mode file for STMicroelectronics.X-CUBE-NFC6.3.1.0
2025-08-10 21:32:15,790 [WARN] PackLoader:240 - Cannot read IP mode file for STMicroelectronics.X-CUBE-FREERTOS.1.3.1
2025-08-10 21:32:15,797 [ERROR] Engine:466 - C:\Users\eduar\.stm32cubemx\thirdparties\pdsc\STMicroelectronics.FP-SNS-STAIOTCFT.1.0.0.pdsc: PDSC version is not supported
2025-08-10 21:32:15,807 [WARN] PackLoader:240 - Cannot read IP mode file for STMicroelectronics.X-CUBE-DPower.1.3.0
2025-08-10 21:32:15,833 [WARN] ConditionMgr:438 - getConditionDescription Invalid condition id : LAN8742 Phy interface Condition cause : null
2025-08-10 21:32:15,834 [WARN] PackLoader:240 - Cannot read IP mode file for STMicroelectronics.X-CUBE-AZRTOS-L4.2.0.0
2025-08-10 21:32:15,836 [WARN] ConditionMgr:1039 - genDependencies : Invalid condition id : LAN8742 Phy interface Condition cause : null
2025-08-10 21:32:15,837 [WARN] ConditionMgr:1039 - genDependencies : Invalid condition id : LAN8742 Phy interface Condition cause : null
2025-08-10 21:32:15,837 [WARN] ConditionMgr:1039 - genDependencies : Invalid condition id : LAN8742 Phy interface Condition cause : null
2025-08-10 21:32:15,849 [WARN] PackLoader:240 - Cannot read IP mode file for STMicroelectronics.X-CUBE-SFXS2LP1.4.0.0
2025-08-10 21:32:15,858 [ERROR] Engine:466 - C:\Users\eduar\.stm32cubemx\thirdparties\pdsc\STMicroelectronics.X-CUBE-BLEMGR.4.1.0.pdsc: PDSC version is not supported
2025-08-10 21:32:15,884 [WARN] ConditionMgr:438 - getConditionDescription Invalid condition id : UX DEVICE CLASS RTOS Condition cause : null
2025-08-10 21:32:15,884 [WARN] ConditionMgr:438 - getConditionDescription Invalid condition id : UX DEVICE CLASS RTOS Condition cause : null
2025-08-10 21:32:15,886 [WARN] PackLoader:240 - Cannot read IP mode file for STMicroelectronics.X-CUBE-AZRTOS-WB.2.0.0
2025-08-10 21:32:15,887 [WARN] ConditionMgr:1039 - genDependencies : Invalid condition id : UX DEVICE CLASS RTOS Condition cause : null
2025-08-10 21:32:15,888 [WARN] ConditionMgr:1039 - genDependencies : Invalid condition id : UX DEVICE CLASS RTOS Condition cause : null
2025-08-10 21:32:15,888 [WARN] ConditionMgr:1039 - genDependencies : Invalid condition id : UX DEVICE CLASS RTOS Condition cause : null
2025-08-10 21:32:15,889 [WARN] ConditionMgr:1039 - genDependencies : Invalid condition id : UX DEVICE CLASS RTOS Condition cause : null
2025-08-10 21:32:15,889 [WARN] ConditionMgr:1039 - genDependencies : Invalid condition id : UX DEVICE CLASS RTOS Condition cause : null
2025-08-10 21:32:15,897 [WARN] PackLoader:240 - Cannot read IP mode file for STMicroelectronics.X-CUBE-GNSS1.7.0.1
2025-08-10 21:32:15,905 [WARN] PackLoader:240 - Cannot read IP mode file for STMicroelectronics.X-CUBE-TOUCHGFX.4.25.0
2025-08-10 21:32:15,912 [WARN] ConditionMgr:438 - getConditionDescription Invalid condition id : Cortex-A Device cause : null
2025-08-10 21:32:15,932 [WARN] ConditionMgr:1039 - genDependencies : Invalid condition id : Cortex-A Device cause : null
2025-08-10 21:32:15,932 [WARN] ConditionMgr:1039 - genDependencies : Invalid condition id : Cortex-A Device cause : null
2025-08-10 21:32:15,932 [WARN] ConditionMgr:1039 - genDependencies : Invalid condition id : Cortex-A Device cause : null
2025-08-10 21:32:15,945 [WARN] PackLoader:240 - Cannot read IP mode file for STMicroelectronics.X-CUBE-SUBG2.5.0.0
2025-08-10 21:32:15,979 [WARN] PackLoader:240 - Cannot read IP mode file for STMicroelectronics.X-CUBE-AZRTOS-H7RS.1.1.0
2025-08-10 21:32:15,989 [WARN] PackLoader:240 - Cannot read IP mode file for Cesanta.I-CUBE-Mongoose.7.13.0
2025-08-10 21:32:16,010 [WARN] PackLoader:240 - Cannot read IP mode file for STMicroelectronics.X-CUBE-AZRTOS-G4.2.0.0
2025-08-10 21:32:16,018 [WARN] PackLoader:240 - Cannot read IP mode file for wolfSSL.I-CUBE-wolfSSH.1.4.20
2025-08-10 21:32:16,027 [WARN] PackLoader:240 - Cannot read IP mode file for STMicroelectronics.X-CUBE-NFC7.2.0.0
2025-08-10 21:32:16,034 [ERROR] Engine:466 - C:\Users\eduar\.stm32cubemx\thirdparties\pdsc\STMicroelectronics.X-CUBE-IPS.3.1.0.pdsc: PDSC version is not supported
2025-08-10 21:32:16,041 [WARN] PackLoader:240 - Cannot read IP mode file for STMicroelectronics.X-CUBE-ALS.1.0.2
2025-08-10 21:32:16,050 [WARN] PackLoader:240 - Cannot read IP mode file for portGmbH.I-Cube-SoM-uGOAL.1.1.0
2025-08-10 21:32:16,058 [ERROR] Engine:466 - C:\Users\eduar\.stm32cubemx\thirdparties\pdsc\STMicroelectronics.X-CUBE-TOF1.3.4.3.pdsc: PDSC version is not supported
2025-08-10 21:32:16,059 [INFO] ThirdParty:978 - Integrity check success = true
2025-08-10 21:32:16,059 [INFO] IntegrityCheckThread:100 - exiting critical section [integrity check]
2025-08-10 21:32:16,059 [INFO] IntegrityCheckThread:103 - End integrity checks thread
2025-08-10 21:34:11,082 [INFO] McuFinderGlobals:63 - Set McuFinder mode to 2 (CubeIDE integrated)
2025-08-10 21:34:11,085 [INFO] MainUpdater:2873 - connection check result : 10
2025-08-10 21:34:11,721 [INFO] ApiDb:581 - Connected to CubeFinder SQLite database (C:\Users\eduar\.stmcufinder\plugins\mcufinder\mcu\cube-finder-db.db)
2025-08-10 21:34:11,886 [INFO] ApiDb:668 - CubeFinder database Data Model version=2.1
2025-08-10 21:34:11,886 [INFO] ApiDb:669 - CubeFinder database Configuration version=3.0.39
2025-08-10 21:34:11,886 [INFO] ApiDb:670 - CubeFinder database generation date=2025-07-24 (1753349077)
2025-08-10 21:34:11,886 [INFO] ApiDb:671 - CubeFinder database FW Pack versions=[FP-ATR-ASTRA1_V2.0.0, FP-SNS-FLIGHT1_V5.1.0, FP-SNS-MOTENV1_V5.0.0, FP-SNS-MOTENVWB1_V1.4.0, FP-SNS-SMARTAG2_V1.2.0, FP-SNS-STBOX1_V2.0.0, STM32Cube_FW_C0_V1.4.0, STM32Cube_FW_F4_V1.28.2, STM32Cube_FW_F7_V1.17.3, STM32Cube_FW_G0_V1.6.2, STM32Cube_FW_G4_V1.6.1, STM32Cube_FW_H5_V1.5.0, STM32Cube_FW_H7RS_V1.2.0, STM32Cube_FW_H7_V1.12.1, STM32Cube_FW_L0_V1.12.2, STM32Cube_FW_L4_V1.18.1, STM32Cube_FW_L5_V1.5.1, STM32Cube_FW_N6_V1.2.0, STM32Cube_FW_U0_V1.3.0, STM32Cube_FW_U3_V1.2.0, STM32Cube_FW_U5_V1.8.0, STM32Cube_FW_WB0_V1.3.0, STM32Cube_FW_WBA_V1.7.0, STM32Cube_FW_WB_V1.23.0, STM32Cube_FW_WL3_V1.2.0, STM32Cube_FW_WL_V1.3.1, X-CUBE-ALGOBUILD_V1.4.0, X-CUBE-ALS_V1.0.2, X-CUBE-AZRTOS-F4_V1.1.0, X-CUBE-AZRTOS-F7_V1.1.0, X-CUBE-AZRTOS-G0_V1.1.0, X-CUBE-AZRTOS-G4_V2.0.0, X-CUBE-AZRTOS-H7RS_V1.1.0, X-CUBE-AZRTOS-H7_V3.4.0, X-CUBE-AZRTOS-L4_V2.0.0, X-CUBE-AZRTOS-L5_V2.0.0, X-CUBE-AZRTOS-WB_V2.0.0, X-CUBE-AZRTOS-WL_V2.0.0, X-CUBE-BLE1_V7.1.0, X-CUBE-BLE2_V3.3.0, X-CUBE-BLEMGR_V4.1.0, X-CUBE-EEPRMA1_V5.2.0, X-CUBE-FREERTOS_V1.3.1, X-CUBE-GNSS1_V6.0.0, X-CUBE-MEMS1_V11.3.0, X-CUBE-NFC4_V3.0.0, X-CUBE-NFC7_V2.0.0, X-CUBE-SFXS2LP1_V4.0.0, X-CUBE-ST67W61_V1.0.0, X-CUBE-SUBG2_V5.0.0, X-CUBE-TOF1_V3.4.3]
2025-08-10 21:34:12,035 [INFO] DbBoardsSqlite:226 - include board P-NUCLEO-WB55-NUCLEO as a kit item of type 'Nucleo-64'
2025-08-10 21:34:12,035 [INFO] DbBoardsSqlite:226 - include board P-NUCLEO-WB55-USBDONGLE as a kit item of type 'Nucleo USB Dongle'
2025-08-10 21:34:12,036 [INFO] DbBoardsSqlite:226 - include board STEVAL-IDP005V1 as a kit item of type 'Evaluation Board'
2025-08-10 21:34:12,036 [INFO] DbBoardsSqlite:226 - include board STEVAL-IDP005V2 as a kit item of type 'Evaluation Board'
2025-08-10 21:34:12,894 [INFO] ApiDb:240 - Found 483 in-development CPN: [B-G473E-ZEST1S, B-WB1M-WPAN1, B-WL5M-SUBG1, NUCLEO-C031C6, NUCLEO-H503RB, NUCLEO-H533RE, NUCLEO-H563ZI, NUCLEO-H7S3L8, NUCLEO-U031R8, NUCLEO-U083RC, NUCLEO-U545RE-Q, NUCLEO-U5A5ZJ-Q, NUCLEO-WBA52CG, NUCLEO-WBA55CG, STEVAL-PROTEUS1, STEVAL-SMARTAG2, STEVAL-STWINBX1, STM320518-EVAL, STM32C0116-DK, STM32C011D6Y3TR, STM32C011D6Y6TR, STM32C011F4P3, STM32C011F4P6, STM32C011F4U3, STM32C011F4U6TR, STM32C011F6P3, STM32C011F6P6, STM32C011F6U3, STM32C011F6U6TR, STM32C011J4M3, STM32C011J4M6, STM32C011J6M3, STM32C011J6M6, STM32C0316-DK, STM32C031C4T3, STM32C031C4T6, STM32C031C4U3, STM32C031C4U6, STM32C031C6T3, STM32C031C6T6, STM32C031C6U3, STM32C031C6U6, STM32C031F4P3, STM32C031F4P6, STM32C031F6P3, STM32C031F6P6, STM32C031G4U3, STM32C031G4U6, STM32C031G6U3, STM32C031G6U6, STM32C031K4T3, STM32C031K4T6, STM32C031K4U3, STM32C031K4U6, STM32C031K6T3, STM32C031K6T6, STM32C031K6U3, STM32C031K6U6, STM32G071K8TXN, STM32G071K8UXN, STM32G081GBU6N, STM32G081KBT6N, STM32G081KBUXN, STM32G0B1CCT6N, STM32G0B1KCT6, STM32G0B1NEY6TR, STM32G0B1RCT6N, STM32G0C1CCT6, STM32G0C1CCT6N, STM32G0C1CCU6N, STM32G0C1CET6N, STM32G0C1CEU6N, STM32G0C1KCT6, STM32G0C1NEY6TR, STM32G0C1RCI6N, STM32G0C1RCT6N, STM32G0C1REI6N, STM32G0C1RET6N, STM32G0C1VCI6, STM32G0C1VEI6, STM32G471CCT6, STM32G471CCU6, STM32G471CET3, STM32G471CET6, STM32G471CEU3, STM32G471CEU6, STM32G471MCT6, STM32G471MET3, STM32G471MET6, STM32G471MEY6TR, STM32G471QCT6, STM32G471QET3, STM32G471RCT6, STM32G471RET3, STM32G471RET6, STM32G471VCH6, STM32G471VCI6, STM32G471VCT6, STM32G471VEH3, STM32G471VEH6, STM32G471VEI3, STM32G471VEI6, STM32G471VET3, STM32G471VET6, STM32G474CCT6, STM32H503CBT6, STM32H503CBU6, STM32H503EBY6TR, STM32H503KBU6, STM32H503RBT6, STM32H523CCT6, STM32H523CCU6, STM32H523CET6, STM32H523CEU6, STM32H523HEY6TR, STM32H523RCT6, STM32H523RET6, STM32H523VCI6, STM32H523VCT6, STM32H523VEI6, STM32H523VET6, STM32H523ZCJ6, STM32H523ZCT6, STM32H523ZEJ6, STM32H523ZET6, STM32H533CET6, STM32H533CEU6, STM32H533HEY6TR, STM32H533RET6, STM32H533VEI6, STM32H533VET6, STM32H533ZEJ6, STM32H533ZET6, STM32H562AGI6, STM32H562AII6, STM32H562IGK6, STM32H562IGT6, STM32H562IIK6, STM32H562IIT6, STM32H562RGT6, STM32H562RGV6, STM32H562RIT6, STM32H562RIV6, STM32H562VGT6, STM32H562VIT6, STM32H562ZGT6, STM32H562ZIT6, STM32H563AGI6, STM32H563AII3Q, STM32H563AII6, STM32H563IGK6, STM32H563IGT6, STM32H563IIK3Q, STM32H563IIK6, STM32H563IIT3Q, STM32H563IIT6, STM32H563MIY3QTR, STM32H563RGT6, STM32H563RGV6, STM32H563RIT6, STM32H563RIV6, STM32H563VGT6, STM32H563VIT3Q, STM32H563VIT6, STM32H563ZGT6, STM32H563ZIT3Q, STM32H563ZIT6, STM32H573AII3Q, STM32H573AII6, STM32H573I-DK, STM32H573IIK3Q, STM32H573IIK6, STM32H573IIT3Q, STM32H573IIT6, STM32H573MIY3QTR, STM32H573RIT6, STM32H573RIV6, STM32H573VIT3Q, STM32H573VIT6, STM32H573ZIT3Q, STM32H573ZIT6, STM32H7R3A8I6, STM32H7R3I8K6, STM32H7R3I8T6, STM32H7R3L8H6, STM32H7R3L8H6H, STM32H7R3R8V6, STM32H7R3V8H6, STM32H7R3V8T6, STM32H7R3V8Y6, STM32H7R3Z8J6, STM32H7R3Z8T6, STM32H7R7A8I6, STM32H7R7I8K6, STM32H7R7I8T6, STM32H7R7L8H6, STM32H7R7L8H6H, STM32H7R7Z8J6, STM32H7S3A8I6, STM32H7S3I8K6, STM32H7S3I8T6, STM32H7S3L8H6, STM32H7S3L8H6H, STM32H7S3R8V6, STM32H7S3V8H6, STM32H7S3V8T6, STM32H7S3V8Y6, STM32H7S3Z8J6, STM32H7S3Z8T6, STM32H7S78-DK, STM32H7S7A8I6, STM32H7S7I8K6, STM32H7S7I8T6, STM32H7S7L8H6, STM32H7S7L8H6H, STM32H7S7Z8J6, STM32L4R5QGI6STR, STM32MP131AAE3, STM32MP131AAF3, STM32MP131AAG3, STM32MP131CAE3, STM32MP131CAF3, STM32MP131CAG3, STM32MP131DAE7, STM32MP131DAF7, STM32MP131DAG7, STM32MP131FAE7, STM32MP131FAF7, STM32MP131FAG7, STM32MP133AAE3, STM32MP133AAF3, STM32MP133AAG3, STM32MP133CAE3, STM32MP133CAF3, STM32MP133CAG3, STM32MP133DAE7, STM32MP133DAF7, STM32MP133DAG7, STM32MP133FAE7, STM32MP133FAF7, STM32MP133FAG7, STM32MP135AAE3, STM32MP135AAF3, STM32MP135AAG3, STM32MP135CAE3, STM32MP135CAF3, STM32MP135CAG3, STM32MP135DAE7, STM32MP135DAF7, STM32MP135DAG7, STM32MP135F-DK, STM32MP135FAE7, STM32MP135FAF7, STM32MP135FAF7T, STM32MP135FAF7U, STM32MP135FAG7, STM32U031C6T6, STM32U031C6U6, STM32U031C8T6, STM32U031C8U6, STM32U031F4P6, STM32U031F6P6, STM32U031F8P6, STM32U031G6Y6TR, STM32U031G8Y6TR, STM32U031K4U6, STM32U031K6U6, STM32U031K8U6, STM32U031R6I6, STM32U031R6T6, STM32U031R8I6, STM32U031R8T6, STM32U073C8T6, STM32U073C8U6, STM32U073CBT6, STM32U073CBU6, STM32U073CCT6, STM32U073CCU6, STM32U073H8Y6TR, STM32U073HBY6TR, STM32U073HCY6TR, STM32U073K8U6, STM32U073KBU6, STM32U073KCU6, STM32U073M8I6, STM32U073M8T6, STM32U073MBI6, STM32U073MBT6, STM32U073MCI6, STM32U073MCT6, STM32U073R8I6, STM32U073R8T6, STM32U073RBI6, STM32U073RBT6, STM32U073RCI6, STM32U073RCT6, STM32U083C-DK, STM32U083CCT6, STM32U083CCU6, STM32U083HCY6TR, STM32U083KCU6, STM32U083MCI6, STM32U083MCT6, STM32U083RCI6, STM32U083RCT6, STM32U535CBT6, STM32U535CBT6Q, STM32U535CBU6, STM32U535CBU6Q, STM32U535CCT6, STM32U535CCT6Q, STM32U535CCU6, STM32U535CCU6Q, STM32U535CET6, STM32U535CET6Q, STM32U535CEU6, STM32U535CEU6Q, STM32U535JEY6QTR, STM32U535NCY6QTR, STM32U535NEY6QTR, STM32U535RBI6, STM32U535RBI6Q, STM32U535RBT6, STM32U535RBT6Q, STM32U535RCI6, STM32U535RCI6Q, STM32U535RCT6, STM32U535RCT6Q, STM32U535REI6, STM32U535REI6Q, STM32U535RET6, STM32U535RET6Q, STM32U535VCI6, STM32U535VCI6Q, STM32U535VCT6, STM32U535VCT6Q, STM32U535VEI6, STM32U535VEI6Q, STM32U535VET6, STM32U535VET6Q, STM32U545CET6, STM32U545CET6Q, STM32U545CEU6, STM32U545CEU6Q, STM32U545JEY6QTR, STM32U545NEY6QTR, STM32U545REI6, STM32U545REI6Q, STM32U545RET6, STM32U545RET6Q, STM32U545VEI6, STM32U545VEI6Q, STM32U545VET6, STM32U545VET6Q, STM32U595AIH6, STM32U595AIH6Q, STM32U595AJH6, STM32U595AJH6Q, STM32U595QII6, STM32U595QII6Q, STM32U595QJI6, STM32U595QJI6Q, STM32U595RIT6, STM32U595RIT6Q, STM32U595RJT6, STM32U595RJT6Q, STM32U595VIT6, STM32U595VIT6Q, STM32U595VJT6, STM32U595VJT6Q, STM32U595ZIT6, STM32U595ZIT6Q, STM32U595ZIY6QTR, STM32U595ZJT6, STM32U595ZJT6Q, STM32U595ZJY6QTR, STM32U599BJY6QTR, STM32U599NIH6Q, STM32U599NJH6Q, STM32U599VIT6Q, STM32U599VJT6, STM32U599VJT6Q, STM32U599ZIT6Q, STM32U599ZIY6QTR, STM32U599ZJT6Q, STM32U599ZJY6QTR, STM32U5A5AJH6, STM32U5A5AJH6Q, STM32U5A5QII3Q , STM32U5A5QJI6, STM32U5A5QJI6Q, STM32U5A5RJT6, STM32U5A5RJT6Q, STM32U5A5VJT6, STM32U5A5VJT6Q, STM32U5A5ZJT6, STM32U5A5ZJT6Q, STM32U5A5ZJY6QTR, STM32U5A9BJY6QTR, STM32U5A9J-DK, STM32U5A9NJH6Q, STM32U5A9VJT6Q, STM32U5A9ZJT6Q, STM32U5A9ZJY6QTR, STM32U5F7VIT6, STM32U5F7VIT6Q, STM32U5F7VJT6, STM32U5F7VJT6Q, STM32U5F9BJY6QTR, STM32U5F9NJH6Q, STM32U5F9VIT6Q, STM32U5F9VJT6Q, STM32U5F9ZIJ6QTR, STM32U5F9ZIT6Q, STM32U5F9ZJJ6QTR, STM32U5F9ZJT6Q, STM32U5G7VJT6, STM32U5G7VJT6Q, STM32U5G9BJY6QTR, STM32U5G9J-DK1, STM32U5G9J-DK2, STM32U5G9NJH6Q, STM32U5G9VJT6Q, STM32U5G9ZJJ6QTR, STM32U5G9ZJT6Q, STM32WB1MMCH6, STM32WBA50KEU6, STM32WBA50KEU6TR, STM32WBA50KGU6, STM32WBA50KGU6TR, STM32WBA52CEU6, STM32WBA52CEU6TR, STM32WBA52CEU7, STM32WBA52CEU7TR, STM32WBA52CGU6, STM32WBA52CGU6TR, STM32WBA52CGU6U, STM32WBA52CGU7, STM32WBA52CGU7TR, STM32WBA52KEU6, STM32WBA52KEU6TR, STM32WBA52KGU6, STM32WBA52KGU6TR, STM32WBA54CEU6, STM32WBA54CEU6TR, STM32WBA54CEU7, STM32WBA54CEU7TR, STM32WBA54CGU6, STM32WBA54CGU6TR, STM32WBA54CGU7, STM32WBA54CGU7TR, STM32WBA54KEU6, STM32WBA54KEU6TR, STM32WBA54KEU7, STM32WBA54KEU7TR, STM32WBA54KGU6, STM32WBA54KGU6TR, STM32WBA54KGU7, STM32WBA54KGU7TR, STM32WBA55CEU6, STM32WBA55CEU6TR, STM32WBA55CEU7, STM32WBA55CEU7TR, STM32WBA55CGU6, STM32WBA55CGU6TR, STM32WBA55CGU6U, STM32WBA55CGU7, STM32WBA55CGU7TR, STM32WBA55G-DK1, STM32WBA55HEF6, STM32WBA55HEF7, STM32WBA55HGF6, STM32WBA55HGF7, STM32WBA55UEI6, STM32WBA55UEI6TR, STM32WBA55UEI7, STM32WBA55UEI7TR, STM32WBA55UGI6, STM32WBA55UGI6TR, STM32WBA55UGI7, STM32WBA55UGI7TR, STM32WL5MOCH6, STM32WL5MOCH6TR]
2025-08-10 21:34:12,897 [INFO] ApiDb:668 - CubeFinder database Data Model version=2.1
2025-08-10 21:34:12,898 [INFO] ApiDb:669 - CubeFinder database Configuration version=3.0.39
2025-08-10 21:34:12,898 [INFO] ApiDb:670 - CubeFinder database generation date=2025-07-24 (1753349077)
2025-08-10 21:34:12,898 [INFO] ApiDb:671 - CubeFinder database FW Pack versions=[FP-ATR-ASTRA1_V2.0.0, FP-SNS-FLIGHT1_V5.1.0, FP-SNS-MOTENV1_V5.0.0, FP-SNS-MOTENVWB1_V1.4.0, FP-SNS-SMARTAG2_V1.2.0, FP-SNS-STBOX1_V2.0.0, STM32Cube_FW_C0_V1.4.0, STM32Cube_FW_F4_V1.28.2, STM32Cube_FW_F7_V1.17.3, STM32Cube_FW_G0_V1.6.2, STM32Cube_FW_G4_V1.6.1, STM32Cube_FW_H5_V1.5.0, STM32Cube_FW_H7RS_V1.2.0, STM32Cube_FW_H7_V1.12.1, STM32Cube_FW_L0_V1.12.2, STM32Cube_FW_L4_V1.18.1, STM32Cube_FW_L5_V1.5.1, STM32Cube_FW_N6_V1.2.0, STM32Cube_FW_U0_V1.3.0, STM32Cube_FW_U3_V1.2.0, STM32Cube_FW_U5_V1.8.0, STM32Cube_FW_WB0_V1.3.0, STM32Cube_FW_WBA_V1.7.0, STM32Cube_FW_WB_V1.23.0, STM32Cube_FW_WL3_V1.2.0, STM32Cube_FW_WL_V1.3.1, X-CUBE-ALGOBUILD_V1.4.0, X-CUBE-ALS_V1.0.2, X-CUBE-AZRTOS-F4_V1.1.0, X-CUBE-AZRTOS-F7_V1.1.0, X-CUBE-AZRTOS-G0_V1.1.0, X-CUBE-AZRTOS-G4_V2.0.0, X-CUBE-AZRTOS-H7RS_V1.1.0, X-CUBE-AZRTOS-H7_V3.4.0, X-CUBE-AZRTOS-L4_V2.0.0, X-CUBE-AZRTOS-L5_V2.0.0, X-CUBE-AZRTOS-WB_V2.0.0, X-CUBE-AZRTOS-WL_V2.0.0, X-CUBE-BLE1_V7.1.0, X-CUBE-BLE2_V3.3.0, X-CUBE-BLEMGR_V4.1.0, X-CUBE-EEPRMA1_V5.2.0, X-CUBE-FREERTOS_V1.3.1, X-CUBE-GNSS1_V6.0.0, X-CUBE-MEMS1_V11.3.0, X-CUBE-NFC4_V3.0.0, X-CUBE-NFC7_V2.0.0, X-CUBE-SFXS2LP1_V4.0.0, X-CUBE-ST67W61_V1.0.0, X-CUBE-SUBG2_V5.0.0, X-CUBE-TOF1_V3.4.3]
2025-08-10 21:34:15,114 [INFO] ApiDb:240 - Found 483 in-development CPN: [B-G473E-ZEST1S, B-WB1M-WPAN1, B-WL5M-SUBG1, NUCLEO-C031C6, NUCLEO-H503RB, NUCLEO-H533RE, NUCLEO-H563ZI, NUCLEO-H7S3L8, NUCLEO-U031R8, NUCLEO-U083RC, NUCLEO-U545RE-Q, NUCLEO-U5A5ZJ-Q, NUCLEO-WBA52CG, NUCLEO-WBA55CG, STEVAL-PROTEUS1, STEVAL-SMARTAG2, STEVAL-STWINBX1, STM320518-EVAL, STM32C0116-DK, STM32C011D6Y3TR, STM32C011D6Y6TR, STM32C011F4P3, STM32C011F4P6, STM32C011F4U3, STM32C011F4U6TR, STM32C011F6P3, STM32C011F6P6, STM32C011F6U3, STM32C011F6U6TR, STM32C011J4M3, STM32C011J4M6, STM32C011J6M3, STM32C011J6M6, STM32C0316-DK, STM32C031C4T3, STM32C031C4T6, STM32C031C4U3, STM32C031C4U6, STM32C031C6T3, STM32C031C6T6, STM32C031C6U3, STM32C031C6U6, STM32C031F4P3, STM32C031F4P6, STM32C031F6P3, STM32C031F6P6, STM32C031G4U3, STM32C031G4U6, STM32C031G6U3, STM32C031G6U6, STM32C031K4T3, STM32C031K4T6, STM32C031K4U3, STM32C031K4U6, STM32C031K6T3, STM32C031K6T6, STM32C031K6U3, STM32C031K6U6, STM32G071K8TXN, STM32G071K8UXN, STM32G081GBU6N, STM32G081KBT6N, STM32G081KBUXN, STM32G0B1CCT6N, STM32G0B1KCT6, STM32G0B1NEY6TR, STM32G0B1RCT6N, STM32G0C1CCT6, STM32G0C1CCT6N, STM32G0C1CCU6N, STM32G0C1CET6N, STM32G0C1CEU6N, STM32G0C1KCT6, STM32G0C1NEY6TR, STM32G0C1RCI6N, STM32G0C1RCT6N, STM32G0C1REI6N, STM32G0C1RET6N, STM32G0C1VCI6, STM32G0C1VEI6, STM32G471CCT6, STM32G471CCU6, STM32G471CET3, STM32G471CET6, STM32G471CEU3, STM32G471CEU6, STM32G471MCT6, STM32G471MET3, STM32G471MET6, STM32G471MEY6TR, STM32G471QCT6, STM32G471QET3, STM32G471RCT6, STM32G471RET3, STM32G471RET6, STM32G471VCH6, STM32G471VCI6, STM32G471VCT6, STM32G471VEH3, STM32G471VEH6, STM32G471VEI3, STM32G471VEI6, STM32G471VET3, STM32G471VET6, STM32G474CCT6, STM32H503CBT6, STM32H503CBU6, STM32H503EBY6TR, STM32H503KBU6, STM32H503RBT6, STM32H523CCT6, STM32H523CCU6, STM32H523CET6, STM32H523CEU6, STM32H523HEY6TR, STM32H523RCT6, STM32H523RET6, STM32H523VCI6, STM32H523VCT6, STM32H523VEI6, STM32H523VET6, STM32H523ZCJ6, STM32H523ZCT6, STM32H523ZEJ6, STM32H523ZET6, STM32H533CET6, STM32H533CEU6, STM32H533HEY6TR, STM32H533RET6, STM32H533VEI6, STM32H533VET6, STM32H533ZEJ6, STM32H533ZET6, STM32H562AGI6, STM32H562AII6, STM32H562IGK6, STM32H562IGT6, STM32H562IIK6, STM32H562IIT6, STM32H562RGT6, STM32H562RGV6, STM32H562RIT6, STM32H562RIV6, STM32H562VGT6, STM32H562VIT6, STM32H562ZGT6, STM32H562ZIT6, STM32H563AGI6, STM32H563AII3Q, STM32H563AII6, STM32H563IGK6, STM32H563IGT6, STM32H563IIK3Q, STM32H563IIK6, STM32H563IIT3Q, STM32H563IIT6, STM32H563MIY3QTR, STM32H563RGT6, STM32H563RGV6, STM32H563RIT6, STM32H563RIV6, STM32H563VGT6, STM32H563VIT3Q, STM32H563VIT6, STM32H563ZGT6, STM32H563ZIT3Q, STM32H563ZIT6, STM32H573AII3Q, STM32H573AII6, STM32H573I-DK, STM32H573IIK3Q, STM32H573IIK6, STM32H573IIT3Q, STM32H573IIT6, STM32H573MIY3QTR, STM32H573RIT6, STM32H573RIV6, STM32H573VIT3Q, STM32H573VIT6, STM32H573ZIT3Q, STM32H573ZIT6, STM32H7R3A8I6, STM32H7R3I8K6, STM32H7R3I8T6, STM32H7R3L8H6, STM32H7R3L8H6H, STM32H7R3R8V6, STM32H7R3V8H6, STM32H7R3V8T6, STM32H7R3V8Y6, STM32H7R3Z8J6, STM32H7R3Z8T6, STM32H7R7A8I6, STM32H7R7I8K6, STM32H7R7I8T6, STM32H7R7L8H6, STM32H7R7L8H6H, STM32H7R7Z8J6, STM32H7S3A8I6, STM32H7S3I8K6, STM32H7S3I8T6, STM32H7S3L8H6, STM32H7S3L8H6H, STM32H7S3R8V6, STM32H7S3V8H6, STM32H7S3V8T6, STM32H7S3V8Y6, STM32H7S3Z8J6, STM32H7S3Z8T6, STM32H7S78-DK, STM32H7S7A8I6, STM32H7S7I8K6, STM32H7S7I8T6, STM32H7S7L8H6, STM32H7S7L8H6H, STM32H7S7Z8J6, STM32L4R5QGI6STR, STM32MP131AAE3, STM32MP131AAF3, STM32MP131AAG3, STM32MP131CAE3, STM32MP131CAF3, STM32MP131CAG3, STM32MP131DAE7, STM32MP131DAF7, STM32MP131DAG7, STM32MP131FAE7, STM32MP131FAF7, STM32MP131FAG7, STM32MP133AAE3, STM32MP133AAF3, STM32MP133AAG3, STM32MP133CAE3, STM32MP133CAF3, STM32MP133CAG3, STM32MP133DAE7, STM32MP133DAF7, STM32MP133DAG7, STM32MP133FAE7, STM32MP133FAF7, STM32MP133FAG7, STM32MP135AAE3, STM32MP135AAF3, STM32MP135AAG3, STM32MP135CAE3, STM32MP135CAF3, STM32MP135CAG3, STM32MP135DAE7, STM32MP135DAF7, STM32MP135DAG7, STM32MP135F-DK, STM32MP135FAE7, STM32MP135FAF7, STM32MP135FAF7T, STM32MP135FAF7U, STM32MP135FAG7, STM32U031C6T6, STM32U031C6U6, STM32U031C8T6, STM32U031C8U6, STM32U031F4P6, STM32U031F6P6, STM32U031F8P6, STM32U031G6Y6TR, STM32U031G8Y6TR, STM32U031K4U6, STM32U031K6U6, STM32U031K8U6, STM32U031R6I6, STM32U031R6T6, STM32U031R8I6, STM32U031R8T6, STM32U073C8T6, STM32U073C8U6, STM32U073CBT6, STM32U073CBU6, STM32U073CCT6, STM32U073CCU6, STM32U073H8Y6TR, STM32U073HBY6TR, STM32U073HCY6TR, STM32U073K8U6, STM32U073KBU6, STM32U073KCU6, STM32U073M8I6, STM32U073M8T6, STM32U073MBI6, STM32U073MBT6, STM32U073MCI6, STM32U073MCT6, STM32U073R8I6, STM32U073R8T6, STM32U073RBI6, STM32U073RBT6, STM32U073RCI6, STM32U073RCT6, STM32U083C-DK, STM32U083CCT6, STM32U083CCU6, STM32U083HCY6TR, STM32U083KCU6, STM32U083MCI6, STM32U083MCT6, STM32U083RCI6, STM32U083RCT6, STM32U535CBT6, STM32U535CBT6Q, STM32U535CBU6, STM32U535CBU6Q, STM32U535CCT6, STM32U535CCT6Q, STM32U535CCU6, STM32U535CCU6Q, STM32U535CET6, STM32U535CET6Q, STM32U535CEU6, STM32U535CEU6Q, STM32U535JEY6QTR, STM32U535NCY6QTR, STM32U535NEY6QTR, STM32U535RBI6, STM32U535RBI6Q, STM32U535RBT6, STM32U535RBT6Q, STM32U535RCI6, STM32U535RCI6Q, STM32U535RCT6, STM32U535RCT6Q, STM32U535REI6, STM32U535REI6Q, STM32U535RET6, STM32U535RET6Q, STM32U535VCI6, STM32U535VCI6Q, STM32U535VCT6, STM32U535VCT6Q, STM32U535VEI6, STM32U535VEI6Q, STM32U535VET6, STM32U535VET6Q, STM32U545CET6, STM32U545CET6Q, STM32U545CEU6, STM32U545CEU6Q, STM32U545JEY6QTR, STM32U545NEY6QTR, STM32U545REI6, STM32U545REI6Q, STM32U545RET6, STM32U545RET6Q, STM32U545VEI6, STM32U545VEI6Q, STM32U545VET6, STM32U545VET6Q, STM32U595AIH6, STM32U595AIH6Q, STM32U595AJH6, STM32U595AJH6Q, STM32U595QII6, STM32U595QII6Q, STM32U595QJI6, STM32U595QJI6Q, STM32U595RIT6, STM32U595RIT6Q, STM32U595RJT6, STM32U595RJT6Q, STM32U595VIT6, STM32U595VIT6Q, STM32U595VJT6, STM32U595VJT6Q, STM32U595ZIT6, STM32U595ZIT6Q, STM32U595ZIY6QTR, STM32U595ZJT6, STM32U595ZJT6Q, STM32U595ZJY6QTR, STM32U599BJY6QTR, STM32U599NIH6Q, STM32U599NJH6Q, STM32U599VIT6Q, STM32U599VJT6, STM32U599VJT6Q, STM32U599ZIT6Q, STM32U599ZIY6QTR, STM32U599ZJT6Q, STM32U599ZJY6QTR, STM32U5A5AJH6, STM32U5A5AJH6Q, STM32U5A5QII3Q , STM32U5A5QJI6, STM32U5A5QJI6Q, STM32U5A5RJT6, STM32U5A5RJT6Q, STM32U5A5VJT6, STM32U5A5VJT6Q, STM32U5A5ZJT6, STM32U5A5ZJT6Q, STM32U5A5ZJY6QTR, STM32U5A9BJY6QTR, STM32U5A9J-DK, STM32U5A9NJH6Q, STM32U5A9VJT6Q, STM32U5A9ZJT6Q, STM32U5A9ZJY6QTR, STM32U5F7VIT6, STM32U5F7VIT6Q, STM32U5F7VJT6, STM32U5F7VJT6Q, STM32U5F9BJY6QTR, STM32U5F9NJH6Q, STM32U5F9VIT6Q, STM32U5F9VJT6Q, STM32U5F9ZIJ6QTR, STM32U5F9ZIT6Q, STM32U5F9ZJJ6QTR, STM32U5F9ZJT6Q, STM32U5G7VJT6, STM32U5G7VJT6Q, STM32U5G9BJY6QTR, STM32U5G9J-DK1, STM32U5G9J-DK2, STM32U5G9NJH6Q, STM32U5G9VJT6Q, STM32U5G9ZJJ6QTR, STM32U5G9ZJT6Q, STM32WB1MMCH6, STM32WBA50KEU6, STM32WBA50KEU6TR, STM32WBA50KGU6, STM32WBA50KGU6TR, STM32WBA52CEU6, STM32WBA52CEU6TR, STM32WBA52CEU7, STM32WBA52CEU7TR, STM32WBA52CGU6, STM32WBA52CGU6TR, STM32WBA52CGU6U, STM32WBA52CGU7, STM32WBA52CGU7TR, STM32WBA52KEU6, STM32WBA52KEU6TR, STM32WBA52KGU6, STM32WBA52KGU6TR, STM32WBA54CEU6, STM32WBA54CEU6TR, STM32WBA54CEU7, STM32WBA54CEU7TR, STM32WBA54CGU6, STM32WBA54CGU6TR, STM32WBA54CGU7, STM32WBA54CGU7TR, STM32WBA54KEU6, STM32WBA54KEU6TR, STM32WBA54KEU7, STM32WBA54KEU7TR, STM32WBA54KGU6, STM32WBA54KGU6TR, STM32WBA54KGU7, STM32WBA54KGU7TR, STM32WBA55CEU6, STM32WBA55CEU6TR, STM32WBA55CEU7, STM32WBA55CEU7TR, STM32WBA55CGU6, STM32WBA55CGU6TR, STM32WBA55CGU6U, STM32WBA55CGU7, STM32WBA55CGU7TR, STM32WBA55G-DK1, STM32WBA55HEF6, STM32WBA55HEF7, STM32WBA55HGF6, STM32WBA55HGF7, STM32WBA55UEI6, STM32WBA55UEI6TR, STM32WBA55UEI7, STM32WBA55UEI7TR, STM32WBA55UGI6, STM32WBA55UGI6TR, STM32WBA55UGI7, STM32WBA55UGI7TR, STM32WL5MOCH6, STM32WL5MOCH6TR]
2025-08-10 21:34:15,122 [INFO] DbMcus:218 - Found 4733 MCUs, 4733 are supported
2025-08-10 21:34:15,123 [INFO] ApiDb:423 - Load user favorites file C:\Users\eduar/.stm32cubeide/favorites.mcus.txt: 0 item(s)
2025-08-10 21:34:15,123 [INFO] ApiDb:427 - User favorites MCUs=[]
2025-08-10 21:34:15,124 [INFO] DbMcus:224 - Set 0 / 0 favorites MCUs
2025-08-10 21:34:15,712 [INFO] BoardInfo:889 - No configuration file found for board B-WBA5M-WPAN
2025-08-10 21:34:15,712 [INFO] DbBoards:161 - Board is not supported: B-WBA5M-WPAN
2025-08-10 21:34:15,717 [INFO] BoardInfo:889 - No configuration file found for board NUCLEO-C051C8
2025-08-10 21:34:15,717 [INFO] DbBoards:161 - Board is not supported: NUCLEO-C051C8
2025-08-10 21:34:15,719 [INFO] BoardInfo:889 - No configuration file found for board NUCLEO-C071RB
2025-08-10 21:34:15,719 [INFO] DbBoards:161 - Board is not supported: NUCLEO-C071RB
2025-08-10 21:34:15,720 [INFO] BoardInfo:889 - No configuration file found for board NUCLEO-C092RC
2025-08-10 21:34:15,721 [INFO] DbBoards:161 - Board is not supported: NUCLEO-C092RC
2025-08-10 21:34:15,825 [INFO] BoardInfo:889 - No configuration file found for board NUCLEO-N657X0-Q
2025-08-10 21:34:15,825 [INFO] DbBoards:161 - Board is not supported: NUCLEO-N657X0-Q
2025-08-10 21:34:15,830 [INFO] BoardInfo:889 - No configuration file found for board NUCLEO-U385RG-Q
2025-08-10 21:34:15,830 [INFO] DbBoards:161 - Board is not supported: NUCLEO-U385RG-Q
2025-08-10 21:34:15,836 [INFO] BoardInfo:889 - No configuration file found for board NUCLEO-WB05KZ
2025-08-10 21:34:15,836 [INFO] DbBoards:161 - Board is not supported: NUCLEO-WB05KZ
2025-08-10 21:34:15,838 [INFO] BoardInfo:889 - No configuration file found for board NUCLEO-WB07CC
2025-08-10 21:34:15,838 [INFO] DbBoards:161 - Board is not supported: NUCLEO-WB07CC
2025-08-10 21:34:15,839 [INFO] BoardInfo:889 - No configuration file found for board NUCLEO-WB09KE
2025-08-10 21:34:15,840 [INFO] DbBoards:161 - Board is not supported: NUCLEO-WB09KE
2025-08-10 21:34:15,845 [INFO] BoardInfo:889 - No configuration file found for board NUCLEO-WBA65RI
2025-08-10 21:34:15,845 [INFO] DbBoards:161 - Board is not supported: NUCLEO-WBA65RI
2025-08-10 21:34:15,846 [INFO] BoardInfo:889 - No configuration file found for board NUCLEO-WL33CC1
2025-08-10 21:34:15,846 [INFO] DbBoards:161 - Board is not supported: NUCLEO-WL33CC1
2025-08-10 21:34:15,847 [INFO] BoardInfo:889 - No configuration file found for board NUCLEO-WL33CC2
2025-08-10 21:34:15,848 [INFO] DbBoards:161 - Board is not supported: NUCLEO-WL33CC2
2025-08-10 21:34:15,853 [INFO] BoardInfo:889 - No configuration file found for board P-NUCLEO-WB55
2025-08-10 21:34:15,854 [INFO] DbBoards:161 - Kit is not supported: P-NUCLEO-WB55
2025-08-10 21:34:15,859 [INFO] BoardInfo:889 - No configuration file found for board STEVAL-BFA001V1B
2025-08-10 21:34:15,859 [INFO] DbBoards:161 - Kit is not supported: STEVAL-BFA001V1B
2025-08-10 21:34:15,860 [INFO] BoardInfo:889 - No configuration file found for board STEVAL-BFA001V2B
2025-08-10 21:34:15,861 [INFO] DbBoards:161 - Kit is not supported: STEVAL-BFA001V2B
2025-08-10 21:34:16,000 [INFO] BoardInfo:889 - No configuration file found for board STM32MP257F-DK
2025-08-10 21:34:16,001 [INFO] DbBoards:161 - Board is not supported: STM32MP257F-DK
2025-08-10 21:34:16,002 [INFO] BoardInfo:889 - No configuration file found for board STM32MP257F-EV1
2025-08-10 21:34:16,002 [INFO] DbBoards:161 - Board is not supported: STM32MP257F-EV1
2025-08-10 21:34:16,003 [INFO] BoardInfo:889 - No configuration file found for board STM32N6570-DK
2025-08-10 21:34:16,004 [INFO] DbBoards:161 - Board is not supported: STM32N6570-DK
2025-08-10 21:34:16,016 [INFO] BoardInfo:889 - No configuration file found for board STM32WBA65I-DK1
2025-08-10 21:34:16,016 [INFO] DbBoards:161 - Board is not supported: STM32WBA65I-DK1
2025-08-10 21:34:16,016 [INFO] DbBoards:168 - Found 211 boards, 192 are supported
2025-08-10 21:34:16,016 [INFO] DbBoards:169 - Found 211 boards, 8 of them is supported for  Bsp
2025-08-10 21:34:16,019 [INFO] ApiDb:423 - Load user favorites file C:\Users\eduar/.stm32cubeide/favorites.boards.txt: 0 item(s)
2025-08-10 21:34:16,019 [INFO] ApiDb:427 - User favorites Boards=[]
2025-08-10 21:34:16,019 [INFO] DbBoards:198 - Set 0 / 0 favorites Boards
2025-08-10 21:34:16,019 [INFO] McuFinderGlobals:76 - Set McuFinderConnectedMode to true
2025-08-10 21:34:16,027 [INFO] MultiScanPanel:200 - Auto-refresh data requested => check proxy status ongoing
2025-08-10 21:34:16,030 [INFO] FinderPluginLoader:95 - Searching for filters in installed packs
2025-08-10 21:34:17,573 [INFO] LoadUrlFilesThread:185 - End of LoadServerUrlFiles without Thread
2025-08-10 21:34:17,693 [INFO] DetailPanel:341 - Set advertising image to C:/Users/eduar/STM32Cube/Repository/\en.2400x1350px.jpeg
2025-08-10 21:34:46,483 [INFO] MainUpdater:2873 - connection check result : 10
2025-08-10 21:34:46,483 [INFO] MainUpdater:2873 - connection check result : 10
2025-08-10 21:34:46,516 [INFO] MicroXplorer:468 - Change Database Path : 
2025-08-10 21:34:46,516 [INFO] MicroXplorer:498 - Change Database Version : DB.6.0.111
2025-08-10 21:34:46,527 [WARN] ThirdParty:871 - waiting for thirdparty lock release [close project]
2025-08-10 21:34:46,529 [INFO] ThirdParty:873 - entering critical section [close project]
2025-08-10 21:34:46,530 [INFO] ThirdParty:883 - exiting critical section [close project]
2025-08-10 21:34:46,532 [INFO] PinOutPanel:1561 - setPackage(No Configuration,No Configuration)
2025-08-10 21:34:46,539 [INFO] UtilMem:75 - Begin LoadConfig() Used Memory: 755145128 Bytes (1073741824)
2025-08-10 21:34:46,543 [INFO] MicroXplorer:468 - Change Database Path : 
2025-08-10 21:34:46,544 [INFO] MicroXplorer:498 - Change Database Version : DB.6.0.111
2025-08-10 21:34:46,544 [INFO] OpenFileManager:312 - Change cursor
2025-08-10 21:34:46,597 [INFO] Mcu:2021 - Initializing MCU STM32F411R(C-E)Tx STM32F411RETx STM32F411RET6
2025-08-10 21:34:48,697 [INFO] Context:663 - Trying to add GPIOservice into a context  which must be forbidden
2025-08-10 21:34:49,687 [INFO] RtosManager:555 - Registered RTOS mode: class=CMSIS, group=RTOS, mode=CMSIS_V1, owner=FREERTOS
2025-08-10 21:34:49,687 [INFO] RtosManager:555 - Registered RTOS mode: class=CMSIS, group=RTOS2, mode=CMSIS_V2, owner=FREERTOS
2025-08-10 21:34:49,688 [INFO] RtosManager:555 - Registered RTOS mode: class=RTOS, group=Core, mode=CMSIS_V1, owner=FREERTOS
2025-08-10 21:34:49,690 [INFO] RtosManager:555 - Registered RTOS mode: class=RTOS, group=Core, mode=CMSIS_V2, owner=FREERTOS
2025-08-10 21:34:49,690 [WARN] ModelIntegratedComponent:184 - Missing modes for component STMicroelectronics:FreeRTOS:0.0.1:STMicroelectronics:RTOS:FreeRTOS:Core:::10.2.0:
2025-08-10 21:34:49,711 [WARN] ModelIntegratedComponent:182 - Modes not found for component STMicroelectronics:USB_HOST:1.0.0:STMicroelectronics:USB::USB Host:Audio HS::1.0:USB_HOST_1_0_RESTRICTED_HS
2025-08-10 21:34:49,711 [WARN] ModelIntegratedComponent:188 - Modes not found for component STMicroelectronics:USB_HOST:1.0.0:STMicroelectronics:USB::USB Host:Audio HS::1.0:USB_HOST_1_0_RESTRICTED_HS
2025-08-10 21:34:49,711 [WARN] ModelIntegratedComponent:182 - Modes not found for component STMicroelectronics:USB_HOST:1.0.0:STMicroelectronics:USB::USB Host:CDC HS::1.0:USB_HOST_1_0_RESTRICTED_HS
2025-08-10 21:34:49,711 [WARN] ModelIntegratedComponent:188 - Modes not found for component STMicroelectronics:USB_HOST:1.0.0:STMicroelectronics:USB::USB Host:CDC HS::1.0:USB_HOST_1_0_RESTRICTED_HS
2025-08-10 21:34:49,711 [WARN] ModelIntegratedComponent:182 - Modes not found for component STMicroelectronics:USB_HOST:1.0.0:STMicroelectronics:USB::USB Host:MSC HS::1.0:USB_HOST_1_0_RESTRICTED_HS
2025-08-10 21:34:49,711 [WARN] ModelIntegratedComponent:188 - Modes not found for component STMicroelectronics:USB_HOST:1.0.0:STMicroelectronics:USB::USB Host:MSC HS::1.0:USB_HOST_1_0_RESTRICTED_HS
2025-08-10 21:34:49,711 [WARN] ModelIntegratedComponent:182 - Modes not found for component STMicroelectronics:USB_HOST:1.0.0:STMicroelectronics:USB::USB Host:HID HS::1.0:USB_HOST_1_0_RESTRICTED_HS
2025-08-10 21:34:49,712 [WARN] ModelIntegratedComponent:188 - Modes not found for component STMicroelectronics:USB_HOST:1.0.0:STMicroelectronics:USB::USB Host:HID HS::1.0:USB_HOST_1_0_RESTRICTED_HS
2025-08-10 21:34:49,712 [WARN] ModelIntegratedComponent:182 - Modes not found for component STMicroelectronics:USB_HOST:1.0.0:STMicroelectronics:USB::USB Host:MTP HS::1.0:USB_HOST_1_0_RESTRICTED_HS
2025-08-10 21:34:49,712 [WARN] ModelIntegratedComponent:188 - Modes not found for component STMicroelectronics:USB_HOST:1.0.0:STMicroelectronics:USB::USB Host:MTP HS::1.0:USB_HOST_1_0_RESTRICTED_HS
2025-08-10 21:34:49,741 [WARN] ModelIntegratedComponent:63 - No mode defined for component null
2025-08-10 21:34:49,741 [WARN] ModelIntegratedComponent:63 - No mode defined for component null
2025-08-10 21:34:49,741 [WARN] ModelIntegratedComponent:63 - No mode defined for component null
2025-08-10 21:34:49,741 [WARN] ModelIntegratedComponent:63 - No mode defined for component null
2025-08-10 21:34:49,741 [WARN] ModelIntegratedComponent:63 - No mode defined for component null
2025-08-10 21:34:49,741 [WARN] ModelIntegratedComponent:63 - No mode defined for component null
2025-08-10 21:34:49,741 [WARN] ModelIntegratedComponent:63 - No mode defined for component null
2025-08-10 21:34:49,741 [WARN] ModelIntegratedComponent:63 - No mode defined for component null
2025-08-10 21:34:49,741 [WARN] ModelIntegratedComponent:63 - No mode defined for component null
2025-08-10 21:34:49,741 [WARN] ModelIntegratedComponent:63 - No mode defined for component null
2025-08-10 21:34:49,742 [WARN] ModelIntegratedComponent:63 - No mode defined for component null
2025-08-10 21:34:49,742 [WARN] ModelIntegratedComponent:63 - No mode defined for component null
2025-08-10 21:34:49,742 [WARN] ModelIntegratedComponent:63 - No mode defined for component null
2025-08-10 21:34:49,742 [WARN] ModelIntegratedComponent:63 - No mode defined for component null
2025-08-10 21:34:49,742 [WARN] ModelIntegratedComponent:63 - No mode defined for component null
2025-08-10 21:34:49,743 [WARN] ModelIntegratedComponent:63 - No mode defined for component null
2025-08-10 21:34:49,743 [WARN] ModelIntegratedComponent:63 - No mode defined for component null
2025-08-10 21:34:49,744 [WARN] ModelIntegratedComponent:63 - No mode defined for component null
2025-08-10 21:34:49,744 [WARN] ModelIntegratedComponent:63 - No mode defined for component null
2025-08-10 21:34:49,744 [WARN] ModelIntegratedComponent:63 - No mode defined for component null
2025-08-10 21:34:49,744 [WARN] ModelIntegratedComponent:63 - No mode defined for component null
2025-08-10 21:34:49,744 [WARN] ModelIntegratedComponent:63 - No mode defined for component null
2025-08-10 21:34:49,744 [WARN] ModelIntegratedComponent:63 - No mode defined for component null
2025-08-10 21:34:49,744 [WARN] ModelIntegratedComponent:63 - No mode defined for component null
2025-08-10 21:34:49,744 [WARN] ModelIntegratedComponent:63 - No mode defined for component null
2025-08-10 21:34:49,744 [WARN] ModelIntegratedComponent:63 - No mode defined for component null
2025-08-10 21:34:49,744 [WARN] ModelIntegratedComponent:63 - No mode defined for component null
2025-08-10 21:34:49,746 [WARN] ModelIntegratedComponent:63 - No mode defined for component null
2025-08-10 21:34:49,746 [WARN] ModelIntegratedComponent:63 - No mode defined for component null
2025-08-10 21:34:49,746 [WARN] ModelIntegratedComponent:63 - No mode defined for component null
2025-08-10 21:34:49,746 [WARN] ModelIntegratedComponent:63 - No mode defined for component null
2025-08-10 21:34:49,746 [WARN] ModelIntegratedComponent:63 - No mode defined for component null
2025-08-10 21:34:49,746 [WARN] ModelIntegratedComponent:63 - No mode defined for component null
2025-08-10 21:34:49,746 [WARN] ModelIntegratedComponent:63 - No mode defined for component null
2025-08-10 21:34:50,021 [WARN] ModelIntegratedComponent:182 - Modes not found for component STMicroelectronics:USB_DEVICE:1.0.0:STMicroelectronics:USB::USB Device:Audio HS::1.0:USB_DEVICE_1_0_RESTRICTED_HS
2025-08-10 21:34:50,022 [WARN] ModelIntegratedComponent:188 - Modes not found for component STMicroelectronics:USB_DEVICE:1.0.0:STMicroelectronics:USB::USB Device:Audio HS::1.0:USB_DEVICE_1_0_RESTRICTED_HS
2025-08-10 21:34:50,022 [WARN] ModelIntegratedComponent:182 - Modes not found for component STMicroelectronics:USB_DEVICE:1.0.0:STMicroelectronics:USB::USB Device:CDC HS::1.0:USB_DEVICE_1_0_RESTRICTED_HS
2025-08-10 21:34:50,022 [WARN] ModelIntegratedComponent:188 - Modes not found for component STMicroelectronics:USB_DEVICE:1.0.0:STMicroelectronics:USB::USB Device:CDC HS::1.0:USB_DEVICE_1_0_RESTRICTED_HS
2025-08-10 21:34:50,022 [WARN] ModelIntegratedComponent:182 - Modes not found for component STMicroelectronics:USB_DEVICE:1.0.0:STMicroelectronics:USB::USB Device:DFU HS::1.0:USB_DEVICE_1_0_RESTRICTED_HS
2025-08-10 21:34:50,022 [WARN] ModelIntegratedComponent:188 - Modes not found for component STMicroelectronics:USB_DEVICE:1.0.0:STMicroelectronics:USB::USB Device:DFU HS::1.0:USB_DEVICE_1_0_RESTRICTED_HS
2025-08-10 21:34:50,022 [WARN] ModelIntegratedComponent:182 - Modes not found for component STMicroelectronics:USB_DEVICE:1.0.0:STMicroelectronics:USB::USB Device:HID HS::1.0:USB_DEVICE_1_0_RESTRICTED_HS
2025-08-10 21:34:50,022 [WARN] ModelIntegratedComponent:188 - Modes not found for component STMicroelectronics:USB_DEVICE:1.0.0:STMicroelectronics:USB::USB Device:HID HS::1.0:USB_DEVICE_1_0_RESTRICTED_HS
2025-08-10 21:34:50,022 [WARN] ModelIntegratedComponent:182 - Modes not found for component STMicroelectronics:USB_DEVICE:1.0.0:STMicroelectronics:USB::USB Device:Custom HID HS::1.0:USB_DEVICE_1_0_RESTRICTED_HS
2025-08-10 21:34:50,022 [WARN] ModelIntegratedComponent:188 - Modes not found for component STMicroelectronics:USB_DEVICE:1.0.0:STMicroelectronics:USB::USB Device:Custom HID HS::1.0:USB_DEVICE_1_0_RESTRICTED_HS
2025-08-10 21:34:50,022 [WARN] ModelIntegratedComponent:182 - Modes not found for component STMicroelectronics:USB_DEVICE:1.0.0:STMicroelectronics:USB::USB Device:MSC HS::1.0:USB_DEVICE_1_0_RESTRICTED_HS
2025-08-10 21:34:50,022 [WARN] ModelIntegratedComponent:188 - Modes not found for component STMicroelectronics:USB_DEVICE:1.0.0:STMicroelectronics:USB::USB Device:MSC HS::1.0:USB_DEVICE_1_0_RESTRICTED_HS
2025-08-10 21:34:50,041 [INFO] ThirdPartyModel:298 - Start build external matchings
2025-08-10 21:34:50,378 [INFO] ThirdPartyModel:316 - End build external matchings
2025-08-10 21:34:50,391 [WARN] IP:2120 - I2C_Coeff_DF not found: check if there is a RefParameter without a condition.
2025-08-10 21:34:50,391 [WARN] IP:2120 - Analog_Filter not found: check if there is a RefParameter without a condition.
2025-08-10 21:34:50,392 [INFO] ImportTextPane:194 - (OptionalMessage_ERROR) IP (RCC) : Parameter (48MHZClocksFreq_Value) has invalid value (84000000)
2025-08-10 21:34:50,394 [INFO] ImportTextPane:194 - (OptionalMessage_ERROR) IP (RCC) : Parameter (FLatency) has Id (AdvancedSettings) currently not set
2025-08-10 21:34:50,394 [INFO] ImportTextPane:194 - (OptionalMessage_ERROR) IP (RCC) : Parameter (RTCHSEDivFreq_Value) has invalid value (4000000)
2025-08-10 21:34:50,814 [INFO] UtilMem:75 - End LoadConfig() Used Memory: 840409536 Bytes (1073741824)
2025-08-10 21:34:51,084 [WARN] ThirdParty:833 - waiting for thirdparty lock release [change project]
2025-08-10 21:34:51,084 [INFO] ThirdParty:835 - entering critical section [change project]
2025-08-10 21:34:51,084 [INFO] ThirdParty:1030 - CMSIS Pack Vendor :STMicroelectronics X-CUBE-PM33A1 1.0.0
2025-08-10 21:34:51,085 [INFO] ThirdParty:1030 - CMSIS Pack Vendor :STMicroelectronics USBPD 4.1
2025-08-10 21:34:51,085 [INFO] ThirdParty:1030 - CMSIS Pack Vendor :STMicroelectronics X-CUBE-NFC9 1.0.0
2025-08-10 21:34:51,085 [INFO] ThirdParty:1030 - CMSIS Pack Vendor :STMicroelectronics USB_HOST 2.0.0
2025-08-10 21:34:51,085 [INFO] ThirdParty:1030 - CMSIS Pack Vendor :STMicroelectronics FP-SNS-MOTENVWB1 1.4.0
2025-08-10 21:34:51,085 [INFO] ThirdParty:1030 - CMSIS Pack Vendor :STMicroelectronics X-CUBE-AZRTOS-F4 1.1.0
2025-08-10 21:34:51,085 [INFO] ThirdParty:1030 - CMSIS Pack Vendor :STMicroelectronics LIBJPEG 8.0.0
2025-08-10 21:34:51,085 [INFO] ThirdParty:1030 - CMSIS Pack Vendor :STMicroelectronics FP-ATR-ASTRA1 2.0.2
2025-08-10 21:34:51,085 [INFO] ThirdParty:1030 - CMSIS Pack Vendor :wolfSSL I-CUBE-wolfSSL 5.8.2
2025-08-10 21:34:51,085 [INFO] ThirdParty:1030 - CMSIS Pack Vendor :STMicroelectronics X-CUBE-BLE1 7.1.0
2025-08-10 21:34:51,085 [INFO] ThirdParty:1030 - CMSIS Pack Vendor :STMicroelectronics X-CUBE-SMBUS 2.1.0
2025-08-10 21:34:51,087 [INFO] ThirdParty:1030 - CMSIS Pack Vendor :wolfSSL I-CUBE-wolfMQTT 1.19.2
2025-08-10 21:34:51,087 [INFO] ThirdParty:1030 - CMSIS Pack Vendor :STMicroelectronics USB_DEVICE 3.0.0
2025-08-10 21:34:51,087 [INFO] ThirdParty:1030 - CMSIS Pack Vendor :STMicroelectronics X-CUBE-ISPU 2.1.0
2025-08-10 21:34:51,087 [INFO] ThirdParty:1030 - CMSIS Pack Vendor :STMicroelectronics X-CUBE-EEPRMA1 5.2.0
2025-08-10 21:34:51,087 [INFO] ThirdParty:1030 - CMSIS Pack Vendor :STMicroelectronics X-CUBE-AZRTOS-WB 2.0.0
2025-08-10 21:34:51,087 [INFO] ThirdParty:1030 - CMSIS Pack Vendor :STMicroelectronics X-CUBE-GNSS1 7.0.1
2025-08-10 21:34:51,087 [INFO] ThirdParty:1030 - CMSIS Pack Vendor :STMicroelectronics X-CUBE-NFC12 1.0.0
2025-08-10 21:34:51,087 [INFO] ThirdParty:1030 - CMSIS Pack Vendor :STMicroelectronics X-CUBE-AZRTOS-F7 1.1.0
2025-08-10 21:34:51,087 [INFO] ThirdParty:1030 - CMSIS Pack Vendor :STMicroelectronics X-CUBE-AZRTOS-L5 2.0.0
2025-08-10 21:34:51,087 [INFO] ThirdParty:1030 - CMSIS Pack Vendor :STMicroelectronics X-CUBE-TOUCHGFX 4.25.0
2025-08-10 21:34:51,088 [INFO] ThirdParty:1030 - CMSIS Pack Vendor :STMicroelectronics USB_DEVICE 2.0.0
2025-08-10 21:34:51,088 [INFO] ThirdParty:1030 - CMSIS Pack Vendor :STMicroelectronics X-CUBE-NFC6 3.1.0
2025-08-10 21:34:51,089 [INFO] ThirdParty:1030 - CMSIS Pack Vendor :quantropi X-CUBE-qispace-sdk-base 2.1.0
2025-08-10 21:34:51,089 [INFO] ThirdParty:1030 - CMSIS Pack Vendor :STMicroelectronics FreeRTOS 0.0.1
2025-08-10 21:34:51,089 [INFO] ThirdParty:1030 - CMSIS Pack Vendor :STMicroelectronics X-CUBE-AZRTOS-G0 1.1.0
2025-08-10 21:34:51,089 [INFO] ThirdParty:1030 - CMSIS Pack Vendor :STMicroelectronics X-CUBE-SAFEA1 1.2.2
2025-08-10 21:34:51,089 [INFO] ThirdParty:1030 - CMSIS Pack Vendor :STMicroelectronics X-CUBE-NFC4 3.0.0
2025-08-10 21:34:51,089 [INFO] ThirdParty:1030 - CMSIS Pack Vendor :STMicroelectronics X-CUBE-SUBG2 5.0.0
2025-08-10 21:34:51,089 [INFO] ThirdParty:1030 - CMSIS Pack Vendor :STMicroelectronics X-CUBE-AZRTOS-H7RS 1.1.0
2025-08-10 21:34:51,089 [INFO] ThirdParty:1030 - CMSIS Pack Vendor :STMicroelectronics STM32_WPAN 1.0.0
2025-08-10 21:34:51,089 [INFO] ThirdParty:1030 - CMSIS Pack Vendor :EmbeddedOffice I-CUBE-FS-RTOS 1.0.1
2025-08-10 21:34:51,089 [INFO] ThirdParty:1030 - CMSIS Pack Vendor :STMicroelectronics lwIP 2.0.3
2025-08-10 21:34:51,089 [INFO] ThirdParty:1030 - CMSIS Pack Vendor :Cesanta I-CUBE-Mongoose 7.13.0
2025-08-10 21:34:51,089 [INFO] ThirdParty:1030 - CMSIS Pack Vendor :STMicroelectronics USB_HOST 1.0.0
2025-08-10 21:34:51,089 [INFO] ThirdParty:1030 - CMSIS Pack Vendor :Infineon AIROC-Wi-Fi-Bluetooth-STM32 1.7.1
2025-08-10 21:34:51,089 [INFO] ThirdParty:1030 - CMSIS Pack Vendor :STMicroelectronics X-CUBE-AZRTOS-G4 2.0.0
2025-08-10 21:34:51,089 [INFO] ThirdParty:1030 - CMSIS Pack Vendor :STMicroelectronics X-CUBE-WB05N 2.0.0
2025-08-10 21:34:51,089 [INFO] ThirdParty:1030 - CMSIS Pack Vendor :STMicroelectronics PDM2PCM 3.1.0
2025-08-10 21:34:51,089 [INFO] ThirdParty:1030 - CMSIS Pack Vendor :STMicroelectronics PDM2PCM 3.3.0
2025-08-10 21:34:51,089 [INFO] ThirdParty:1030 - CMSIS Pack Vendor :wolfSSL I-CUBE-wolfTPM 3.8.0
2025-08-10 21:34:51,089 [INFO] ThirdParty:1030 - CMSIS Pack Vendor :STMicroelectronics X-CUBE-AZRTOS-H7 3.4.0
2025-08-10 21:34:51,089 [INFO] ThirdParty:1030 - CMSIS Pack Vendor :STMicroelectronics X-CUBE-DISPLAY 3.0.0
2025-08-10 21:34:51,090 [INFO] ThirdParty:1030 - CMSIS Pack Vendor :wolfSSL I-CUBE-wolfSSH 1.4.20
2025-08-10 21:34:51,090 [INFO] ThirdParty:1030 - CMSIS Pack Vendor :STMicroelectronics X-CUBE-NFC7 2.0.0
2025-08-10 21:34:51,090 [INFO] ThirdParty:1030 - CMSIS Pack Vendor :RealThread X-CUBE-RT-Thread_Nano 4.1.1
2025-08-10 21:34:51,090 [INFO] ThirdParty:1030 - CMSIS Pack Vendor :STMicroelectronics FP-ATR-SIGFOX1 3.2.0
2025-08-10 21:34:51,090 [INFO] ThirdParty:1030 - CMSIS Pack Vendor :STMicroelectronics X-CUBE-NFC10 1.0.0
2025-08-10 21:34:51,090 [INFO] ThirdParty:1030 - CMSIS Pack Vendor :STMicroelectronics X-CUBE-FREERTOS 1.3.1
2025-08-10 21:34:51,090 [INFO] ThirdParty:1030 - CMSIS Pack Vendor :STMicroelectronics HAL Drivers 0.0.0
2025-08-10 21:34:51,090 [INFO] ThirdParty:1030 - CMSIS Pack Vendor :STMicroelectronics MBEDTLS 2.16.2
2025-08-10 21:34:51,090 [INFO] ThirdParty:1030 - CMSIS Pack Vendor :STMicroelectronics X-CUBE-ALS 1.0.2
2025-08-10 21:34:51,090 [INFO] ThirdParty:1030 - CMSIS Pack Vendor :STMicroelectronics MBEDTLS 2.14.1
2025-08-10 21:34:51,090 [INFO] ThirdParty:1030 - CMSIS Pack Vendor :ITTIA_DB I-CUBE-ITTIADB 8.9.0
2025-08-10 21:34:51,090 [INFO] ThirdParty:1030 - CMSIS Pack Vendor :portGmbH I-Cube-SoM-uGOAL 1.1.0
2025-08-10 21:34:51,090 [INFO] ThirdParty:1030 - CMSIS Pack Vendor :STMicroelectronics X-CUBE-AI 10.2.0
2025-08-10 21:34:51,090 [INFO] ThirdParty:1030 - CMSIS Pack Vendor :STMicroelectronics ThreadX 1.0.0
2025-08-10 21:34:51,090 [INFO] ThirdParty:1030 - CMSIS Pack Vendor :STMicroelectronics FP-SNS-SMARTAG2 1.2.0
2025-08-10 21:34:51,090 [INFO] ThirdParty:1030 - CMSIS Pack Vendor :STMicroelectronics X-CUBE-AZRTOS-WL 2.0.0
2025-08-10 21:34:51,090 [INFO] ThirdParty:1030 - CMSIS Pack Vendor :SEGGER I-CUBE-embOS 1.3.1
2025-08-10 21:34:51,090 [INFO] ThirdParty:1030 - CMSIS Pack Vendor :STMicroelectronics X-CUBE-ALGOBUILD 1.4.0
2025-08-10 21:34:51,090 [INFO] ThirdParty:1030 - CMSIS Pack Vendor :STMicroelectronics X-CUBE-DPower 1.3.0
2025-08-10 21:34:51,090 [INFO] ThirdParty:1030 - CMSIS Pack Vendor :STMicroelectronics X-CUBE-MEMS1 11.3.0
2025-08-10 21:34:51,090 [INFO] ThirdParty:1030 - CMSIS Pack Vendor :STMicroelectronics FP-SNS-MOTENV1 5.0.0
2025-08-10 21:34:51,091 [INFO] ThirdParty:1030 - CMSIS Pack Vendor :STMicroelectronics USB_DEVICE 1.0.0
2025-08-10 21:34:51,091 [INFO] ThirdParty:1030 - CMSIS Pack Vendor :STMicroelectronics X-CUBE-AZRTOS-L4 2.0.0
2025-08-10 21:34:51,091 [INFO] ThirdParty:1030 - CMSIS Pack Vendor :STMicroelectronics ThreadX 0.0.2
2025-08-10 21:34:51,091 [INFO] ThirdParty:1030 - CMSIS Pack Vendor :WES I-CUBE-Cesium 1.3.0
2025-08-10 21:34:51,091 [INFO] ThirdParty:1030 - CMSIS Pack Vendor :STMicroelectronics lwIP 2.1.2
2025-08-10 21:34:51,091 [INFO] ThirdParty:1030 - CMSIS Pack Vendor :STMicroelectronics X-CUBE-SFXS2LP1 4.0.0
2025-08-10 21:34:51,091 [INFO] ThirdParty:1030 - CMSIS Pack Vendor :STMicroelectronics X-CUBE-BLE2 3.3.0
2025-08-10 21:34:51,091 [INFO] ThirdParty:1030 - CMSIS Pack Vendor :STMicroelectronics PDM2PCM 3.2.0
2025-08-10 21:34:51,091 [INFO] ThirdParty:841 - exiting critical section [change project]
2025-08-10 21:34:51,594 [INFO] PinOutPanel:1561 - setPackage(No Configuration,No Configuration)
2025-08-10 21:34:51,597 [INFO] PinOutPanel:1561 - setPackage(STM32F411RETx,LQFP64)
2025-08-10 21:34:52,406 [INFO] UtilMem:75 - Before build in PCC Used Memory: 734629792 Bytes (1073741824)
2025-08-10 21:34:53,818 [INFO] UtilMem:75 - After build in PCC Used Memory: 819564544 Bytes (1073741824)
2025-08-10 21:34:53,896 [INFO] IPUIPlugin:80 - create IPUIPlugin
2025-08-10 21:34:53,897 [INFO] IPUIPlugin:80 - create IPUIPlugin
2025-08-10 21:34:53,897 [INFO] IPUIPlugin:80 - create IPUIPlugin
2025-08-10 21:34:53,897 [INFO] IPUIPlugin:80 - create IPUIPlugin
2025-08-10 21:34:53,898 [INFO] IPUIPlugin:80 - create IPUIPlugin
2025-08-10 21:34:53,898 [INFO] IPUIPlugin:80 - create IPUIPlugin
2025-08-10 21:34:53,898 [INFO] IPUIPlugin:80 - create IPUIPlugin
2025-08-10 21:34:53,898 [INFO] IPUIPlugin:80 - create IPUIPlugin
2025-08-10 21:34:53,899 [INFO] IPUIPlugin:80 - create IPUIPlugin
2025-08-10 21:34:53,899 [INFO] IPUIPlugin:80 - create IPUIPlugin
2025-08-10 21:34:53,900 [INFO] IPUIPlugin:80 - create IPUIPlugin
2025-08-10 21:34:53,900 [INFO] IPUIPlugin:80 - create IPUIPlugin
2025-08-10 21:34:53,900 [INFO] IPUIPlugin:80 - create IPUIPlugin
2025-08-10 21:34:53,901 [INFO] IPUIPlugin:80 - create IPUIPlugin
2025-08-10 21:34:53,903 [INFO] IPUIPlugin:80 - create IPUIPlugin
2025-08-10 21:34:53,903 [INFO] IPUIPlugin:80 - create IPUIPlugin
2025-08-10 21:34:53,904 [INFO] IPUIPlugin:80 - create IPUIPlugin
2025-08-10 21:34:53,905 [INFO] IPUIPlugin:80 - create IPUIPlugin
2025-08-10 21:34:53,906 [INFO] IPUIPlugin:80 - create IPUIPlugin
2025-08-10 21:34:53,906 [INFO] IPUIPlugin:80 - create IPUIPlugin
2025-08-10 21:34:53,907 [INFO] IPUIPlugin:80 - create IPUIPlugin
2025-08-10 21:34:53,907 [INFO] IPUIPlugin:80 - create IPUIPlugin
2025-08-10 21:34:53,908 [INFO] IPUIPlugin:80 - create IPUIPlugin
2025-08-10 21:34:53,908 [INFO] IPUIPlugin:80 - create IPUIPlugin
2025-08-10 21:34:53,909 [INFO] IPUIPlugin:80 - create IPUIPlugin
2025-08-10 21:34:53,909 [INFO] IPUIPlugin:80 - create IPUIPlugin
2025-08-10 21:34:53,910 [INFO] IPUIPlugin:80 - create IPUIPlugin
2025-08-10 21:34:53,910 [INFO] IPUIPlugin:80 - create IPUIPlugin
2025-08-10 21:34:53,912 [INFO] IPUIPlugin:80 - create IPUIPlugin
2025-08-10 21:34:53,912 [INFO] IPUIPlugin:80 - create IPUIPlugin
2025-08-10 21:34:53,913 [INFO] IPUIPlugin:80 - create IPUIPlugin
2025-08-10 21:34:53,913 [INFO] IPUIPlugin:80 - create IPUIPlugin
2025-08-10 21:34:53,914 [INFO] IPUIPlugin:80 - create IPUIPlugin
2025-08-10 21:34:53,914 [INFO] IPUIPlugin:80 - create IPUIPlugin
2025-08-10 21:34:53,915 [INFO] IPUIPlugin:80 - create IPUIPlugin
2025-08-10 21:34:53,915 [INFO] IPUIPlugin:80 - create IPUIPlugin
2025-08-10 21:34:53,916 [INFO] IPUIPlugin:80 - create IPUIPlugin
2025-08-10 21:34:53,917 [INFO] IPUIPlugin:80 - create IPUIPlugin
2025-08-10 21:34:53,918 [INFO] IPUIPlugin:80 - create IPUIPlugin
2025-08-10 21:34:53,919 [INFO] IPUIPlugin:80 - create IPUIPlugin
2025-08-10 21:34:53,920 [INFO] IPUIPlugin:80 - create IPUIPlugin
2025-08-10 21:34:53,921 [INFO] IPUIPlugin:80 - create IPUIPlugin
2025-08-10 21:34:53,922 [INFO] IPUIPlugin:80 - create IPUIPlugin
2025-08-10 21:34:54,058 [INFO] ApiDbMcu:508 - Load IP Config File for PDM2PCM
2025-08-10 21:34:54,075 [WARN] IP:2120 - I2C_Coeff_DF not found: check if there is a RefParameter without a condition.
2025-08-10 21:34:54,075 [WARN] IP:2120 - Analog_Filter not found: check if there is a RefParameter without a condition.
2025-08-10 21:34:54,078 [WARN] IP:2120 - I2C_Coeff_DF not found: check if there is a RefParameter without a condition.
2025-08-10 21:34:54,078 [WARN] IP:2120 - Analog_Filter not found: check if there is a RefParameter without a condition.
2025-08-10 21:34:54,080 [WARN] IP:2120 - I2C_Coeff_DF not found: check if there is a RefParameter without a condition.
2025-08-10 21:34:54,080 [WARN] IP:2120 - Analog_Filter not found: check if there is a RefParameter without a condition.
2025-08-10 21:34:54,435 [INFO] CADModel:165 - CPN selected for project levelSTM32F411RET6
2025-08-10 21:34:54,436 [INFO] CADModel:114 - Register for checkConnection events
2025-08-10 21:34:54,478 [INFO] OpenFileManager:343 - Restore cursor
2025-08-10 21:34:54,828 [WARN] IP:2120 - I2C_Coeff_DF not found: check if there is a RefParameter without a condition.
2025-08-10 21:34:54,828 [WARN] IP:2120 - Analog_Filter not found: check if there is a RefParameter without a condition.
2025-08-10 21:34:54,829 [WARN] IP:2120 - I2C_Coeff_DF not found: check if there is a RefParameter without a condition.
2025-08-10 21:34:54,829 [WARN] IP:2120 - Analog_Filter not found: check if there is a RefParameter without a condition.
2025-08-10 21:34:54,835 [WARN] IP:2120 - I2C_Coeff_DF not found: check if there is a RefParameter without a condition.
2025-08-10 21:34:54,835 [WARN] IP:2120 - Analog_Filter not found: check if there is a RefParameter without a condition.
2025-08-10 21:34:54,836 [WARN] IP:2120 - I2C_Coeff_DF not found: check if there is a RefParameter without a condition.
2025-08-10 21:34:54,836 [WARN] IP:2120 - Analog_Filter not found: check if there is a RefParameter without a condition.
2025-08-10 21:34:54,841 [WARN] IP:2120 - I2C_Coeff_DF not found: check if there is a RefParameter without a condition.
2025-08-10 21:34:54,841 [WARN] IP:2120 - Analog_Filter not found: check if there is a RefParameter without a condition.
2025-08-10 21:34:54,842 [WARN] IP:2120 - I2C_Coeff_DF not found: check if there is a RefParameter without a condition.
2025-08-10 21:34:54,842 [WARN] IP:2120 - Analog_Filter not found: check if there is a RefParameter without a condition.
2025-08-10 21:34:56,057 [INFO] UtilMem:75 - End SaveConfig() Used Memory: 710499912 Bytes (1073741824)
2025-08-10 21:34:56,163 [INFO] UtilMem:75 - End SaveConfig() Used Memory: 725070344 Bytes (1073741824)
2025-08-10 21:34:56,886 [INFO] BlockDiagram:2759 - set Specific Code input for plugin: NVIC
2025-08-10 21:34:56,886 [INFO] BlockDiagram:2759 - set Specific Code input for plugin: USART
2025-08-10 21:34:56,886 [INFO] BlockDiagram:2759 - set Specific Code input for plugin: SYS
2025-08-10 21:34:56,888 [INFO] BlockDiagram:2759 - set Specific Code input for plugin: GPIO
2025-08-10 21:34:56,888 [INFO] BlockDiagram:2759 - set Specific Code input for plugin: RCC
2025-08-10 21:34:56,889 [INFO] BlockDiagram:2759 - set Specific Code input for plugin: I2C
2025-08-10 21:34:56,891 [INFO] BlockDiagram:2759 - set Specific Code input for plugin: I2C
2025-08-10 21:34:56,891 [INFO] BlockDiagram:2759 - set Specific Code input for plugin: I2C
2025-08-10 21:34:56,897 [INFO] CodeGenerator:807 - code generatio: config db path: C:\ST\STM32CubeIDE_1.15.1\STM32CubeIDE\plugins\com.st.stm32cube.common.mx_6.11.1.202404110753\\db\
2025-08-10 21:34:56,930 [WARN] IP:2120 - I2C_Coeff_DF not found: check if there is a RefParameter without a condition.
2025-08-10 21:34:56,930 [WARN] IP:2120 - Analog_Filter not found: check if there is a RefParameter without a condition.
2025-08-10 21:34:56,937 [WARN] IP:2120 - I2C_Coeff_DF not found: check if there is a RefParameter without a condition.
2025-08-10 21:34:56,937 [WARN] IP:2120 - Analog_Filter not found: check if there is a RefParameter without a condition.
2025-08-10 21:34:56,941 [WARN] IP:2120 - I2C_Coeff_DF not found: check if there is a RefParameter without a condition.
2025-08-10 21:34:56,946 [WARN] IP:2120 - Analog_Filter not found: check if there is a RefParameter without a condition.
2025-08-10 21:34:57,249 [INFO] CodeEngine:255 - oldGeneratedFile, C:\Users\eduar\Documents\GitHub\GVT\AST_MPU6050_STM32\MECSOL2024\MECSOL2024\MECSOL2024\MXTmpFiles\license.tmp_save
2025-08-10 21:34:57,702 [INFO] CodeEngine:279 - Generated code: C:\Users\eduar\Documents\GitHub\GVT\AST_MPU6050_STM32\MECSOL2024\MECSOL2024\MECSOL2024\MXTmpFiles\license.tmp
2025-08-10 21:34:57,816 [INFO] CodeEngine:255 - oldGeneratedFile, C:\Users\eduar\Documents\GitHub\GVT\AST_MPU6050_STM32\MECSOL2024\MECSOL2024\MECSOL2024\Core\Src\gpio.c_save
2025-08-10 21:34:58,127 [INFO] CodeEngine:279 - Generated code: C:\Users\eduar\Documents\GitHub\GVT\AST_MPU6050_STM32\MECSOL2024\MECSOL2024\MECSOL2024\Core\Src\gpio.c
2025-08-10 21:34:58,136 [INFO] CodeEngine:255 - oldGeneratedFile, C:\Users\eduar\Documents\GitHub\GVT\AST_MPU6050_STM32\MECSOL2024\MECSOL2024\MECSOL2024\Core\Inc\gpio.h_save
2025-08-10 21:34:58,274 [INFO] CodeEngine:279 - Generated code: C:\Users\eduar\Documents\GitHub\GVT\AST_MPU6050_STM32\MECSOL2024\MECSOL2024\MECSOL2024\Core\Inc\gpio.h
2025-08-10 21:34:58,573 [INFO] CodeEngine:255 - oldGeneratedFile, C:\Users\eduar\Documents\GitHub\GVT\AST_MPU6050_STM32\MECSOL2024\MECSOL2024\MECSOL2024\Core\Src\i2c.c_save
2025-08-10 21:34:59,267 [INFO] CodeEngine:279 - Generated code: C:\Users\eduar\Documents\GitHub\GVT\AST_MPU6050_STM32\MECSOL2024\MECSOL2024\MECSOL2024\Core\Src\i2c.c
2025-08-10 21:34:59,314 [INFO] CodeEngine:255 - oldGeneratedFile, C:\Users\eduar\Documents\GitHub\GVT\AST_MPU6050_STM32\MECSOL2024\MECSOL2024\MECSOL2024\Core\Inc\i2c.h_save
2025-08-10 21:34:59,588 [INFO] CodeEngine:279 - Generated code: C:\Users\eduar\Documents\GitHub\GVT\AST_MPU6050_STM32\MECSOL2024\MECSOL2024\MECSOL2024\Core\Inc\i2c.h
2025-08-10 21:34:59,616 [INFO] CodeEngine:255 - oldGeneratedFile, C:\Users\eduar\Documents\GitHub\GVT\AST_MPU6050_STM32\MECSOL2024\MECSOL2024\MECSOL2024\Core\Src\usart.c_save
2025-08-10 21:34:59,970 [INFO] CodeEngine:279 - Generated code: C:\Users\eduar\Documents\GitHub\GVT\AST_MPU6050_STM32\MECSOL2024\MECSOL2024\MECSOL2024\Core\Src\usart.c
2025-08-10 21:34:59,981 [INFO] CodeEngine:255 - oldGeneratedFile, C:\Users\eduar\Documents\GitHub\GVT\AST_MPU6050_STM32\MECSOL2024\MECSOL2024\MECSOL2024\Core\Inc\usart.h_save
2025-08-10 21:35:00,117 [INFO] CodeEngine:279 - Generated code: C:\Users\eduar\Documents\GitHub\GVT\AST_MPU6050_STM32\MECSOL2024\MECSOL2024\MECSOL2024\Core\Inc\usart.h
2025-08-10 21:35:00,145 [INFO] CodeEngine:255 - oldGeneratedFile, C:\Users\eduar\Documents\GitHub\GVT\AST_MPU6050_STM32\MECSOL2024\MECSOL2024\MECSOL2024\Core\Src\stm32f4xx_it.c_save
2025-08-10 21:35:00,323 [INFO] CodeEngine:279 - Generated code: C:\Users\eduar\Documents\GitHub\GVT\AST_MPU6050_STM32\MECSOL2024\MECSOL2024\MECSOL2024\Core\Src\stm32f4xx_it.c
2025-08-10 21:35:00,336 [INFO] CodeEngine:255 - oldGeneratedFile, C:\Users\eduar\Documents\GitHub\GVT\AST_MPU6050_STM32\MECSOL2024\MECSOL2024\MECSOL2024\Core\Inc\stm32f4xx_it.h_save
2025-08-10 21:35:00,513 [INFO] CodeEngine:279 - Generated code: C:\Users\eduar\Documents\GitHub\GVT\AST_MPU6050_STM32\MECSOL2024\MECSOL2024\MECSOL2024\Core\Inc\stm32f4xx_it.h
2025-08-10 21:35:00,532 [INFO] CodeEngine:255 - oldGeneratedFile, C:\Users\eduar\Documents\GitHub\GVT\AST_MPU6050_STM32\MECSOL2024\MECSOL2024\MECSOL2024\Core\Src\stm32f4xx_hal_msp.c_save
2025-08-10 21:35:00,653 [INFO] CodeEngine:279 - Generated code: C:\Users\eduar\Documents\GitHub\GVT\AST_MPU6050_STM32\MECSOL2024\MECSOL2024\MECSOL2024\Core\Src\stm32f4xx_hal_msp.c
2025-08-10 21:35:00,659 [INFO] CodeEngine:255 - oldGeneratedFile, C:\Users\eduar\Documents\GitHub\GVT\AST_MPU6050_STM32\MECSOL2024\MECSOL2024\MECSOL2024\MXTmpFiles\system.tmp_save
2025-08-10 21:35:00,716 [INFO] CodeEngine:279 - Generated code: C:\Users\eduar\Documents\GitHub\GVT\AST_MPU6050_STM32\MECSOL2024\MECSOL2024\MECSOL2024\MXTmpFiles\system.tmp
2025-08-10 21:35:00,732 [INFO] CodeEngine:311 - oldGeneratedFile, C:\Users\eduar\Documents\GitHub\GVT\AST_MPU6050_STM32\MECSOL2024\MECSOL2024\MECSOL2024\Core\Inc\stm32f4xx_hal_conf.h_save
2025-08-10 21:35:00,883 [INFO] CodeEngine:335 - Generated code: C:\Users\eduar\Documents\GitHub\GVT\AST_MPU6050_STM32\MECSOL2024\MECSOL2024\MECSOL2024\Core\Inc\stm32f4xx_hal_conf.h
2025-08-10 21:35:00,978 [INFO] CodeEngine:255 - oldGeneratedFile, C:\Users\eduar\Documents\GitHub\GVT\AST_MPU6050_STM32\MECSOL2024\MECSOL2024\MECSOL2024\Core\Inc\main.h_save
2025-08-10 21:35:01,149 [INFO] CodeEngine:279 - Generated code: C:\Users\eduar\Documents\GitHub\GVT\AST_MPU6050_STM32\MECSOL2024\MECSOL2024\MECSOL2024\Core\Inc\main.h
2025-08-10 21:35:01,160 [INFO] CodeEngine:255 - oldGeneratedFile, C:\Users\eduar\Documents\GitHub\GVT\AST_MPU6050_STM32\MECSOL2024\MECSOL2024\MECSOL2024\Core\Src\main.c_save
2025-08-10 21:35:01,581 [INFO] CodeEngine:279 - Generated code: C:\Users\eduar\Documents\GitHub\GVT\AST_MPU6050_STM32\MECSOL2024\MECSOL2024\MECSOL2024\Core\Src\main.c
2025-08-10 21:35:02,078 [INFO] ProjectBuilder:3163 - Time for Copy HAL[2] : 1mS.
2025-08-10 21:35:02,102 [INFO] ProjectBuilder:4736 - Project Generator version: 4.3.0-B58
2025-08-10 21:35:02,383 [INFO] ConfigFileManager:1503 - The Die is : DIE431
2025-08-10 21:35:02,413 [INFO] ApiDbMcu:508 - Load IP Config File for FATFS
2025-08-10 21:35:02,467 [INFO] ApiDbMcu:508 - Load IP Config File for FREERTOS
2025-08-10 21:35:02,477 [INFO] ApiDbMcu:508 - Load IP Config File for LIBJPEG
2025-08-10 21:35:02,553 [INFO] ApiDbMcu:508 - Load IP Config File for MBEDTLS
2025-08-10 21:35:02,611 [INFO] ApiDbMcu:508 - Load IP Config File for USB_DEVICE
2025-08-10 21:35:02,627 [INFO] ApiDbMcu:508 - Load IP Config File for USB_HOST
2025-08-10 21:35:08,324 [INFO] ProjectBuilder:5002 - Time for Generating toolchain IDE Files: 6222mS.
2025-08-10 21:35:08,325 [INFO] ProjectBuilder:3034 - Time for Copy CMSIS : 0mS.
2025-08-10 21:35:08,329 [INFO] ProjectBuilder:3034 - Time for Copy CMSIS : 1mS.
2025-08-10 21:35:09,919 [INFO] McuFinderGlobals:76 - Set McuFinderConnectedMode to true
2025-08-10 21:35:10,569 [INFO] ApiDb:448 - Save user favorites file C:\Users\eduar/.stm32cubeide/favorites.mcus.txt: 0 item(s)
2025-08-10 21:35:10,569 [INFO] ApiDb:452 - User favorites MCUs=[]
2025-08-10 21:38:10,369 [WARN] IP:2120 - I2C_Coeff_DF not found: check if there is a RefParameter without a condition.
2025-08-10 21:38:10,370 [WARN] IP:2120 - Analog_Filter not found: check if there is a RefParameter without a condition.
2025-08-10 21:38:16,485 [WARN] IP:2120 - I2C_Coeff_DF not found: check if there is a RefParameter without a condition.
2025-08-10 21:38:16,485 [WARN] IP:2120 - Analog_Filter not found: check if there is a RefParameter without a condition.
2025-08-10 21:38:18,531 [INFO] UtilMem:75 - End SaveConfig() Used Memory: 778827880 Bytes (1073741824)
2025-08-10 21:38:19,749 [INFO] UtilMem:75 - End SaveConfig() Used Memory: 794539880 Bytes (1073741824)
2025-08-10 21:38:25,086 [WARN] IP:2120 - I2C_Coeff_DF not found: check if there is a RefParameter without a condition.
2025-08-10 21:38:25,086 [WARN] IP:2120 - Analog_Filter not found: check if there is a RefParameter without a condition.
2025-08-10 21:38:25,087 [WARN] IP:2120 - I2C_Coeff_DF not found: check if there is a RefParameter without a condition.
2025-08-10 21:38:25,087 [WARN] IP:2120 - Analog_Filter not found: check if there is a RefParameter without a condition.
2025-08-10 21:38:25,150 [WARN] IP:2120 - I2C_Coeff_DF not found: check if there is a RefParameter without a condition.
2025-08-10 21:38:25,150 [WARN] IP:2120 - Analog_Filter not found: check if there is a RefParameter without a condition.
2025-08-10 21:38:28,937 [INFO] UtilMem:75 - End SaveConfig() Used Memory: 776801880 Bytes (1073741824)
2025-08-10 21:38:41,107 [INFO] UtilMem:75 - End SaveConfig() Used Memory: 903434664 Bytes (1073741824)
2025-08-10 21:38:41,403 [INFO] BlockDiagram:2759 - set Specific Code input for plugin: NVIC
2025-08-10 21:38:41,405 [INFO] BlockDiagram:2759 - set Specific Code input for plugin: USART
2025-08-10 21:38:41,405 [INFO] BlockDiagram:2759 - set Specific Code input for plugin: SYS
2025-08-10 21:38:41,405 [INFO] BlockDiagram:2759 - set Specific Code input for plugin: GPIO
2025-08-10 21:38:41,406 [INFO] BlockDiagram:2759 - set Specific Code input for plugin: RCC
2025-08-10 21:38:41,406 [INFO] BlockDiagram:2759 - set Specific Code input for plugin: I2C
2025-08-10 21:38:41,408 [INFO] CodeGenerator:807 - code generatio: config db path: C:\ST\STM32CubeIDE_1.15.1\STM32CubeIDE\plugins\com.st.stm32cube.common.mx_6.11.1.202404110753\\db\
2025-08-10 21:38:41,412 [WARN] IP:2120 - I2C_Coeff_DF not found: check if there is a RefParameter without a condition.
2025-08-10 21:38:41,413 [WARN] IP:2120 - Analog_Filter not found: check if there is a RefParameter without a condition.
2025-08-10 21:38:41,511 [INFO] CodeEngine:255 - oldGeneratedFile, C:\Users\eduar\Documents\GitHub\GVT\AST_MPU6050_STM32\MECSOL2024\MECSOL2024\MECSOL2024\MXTmpFiles\license.tmp_save
2025-08-10 21:38:41,612 [INFO] CodeEngine:279 - Generated code: C:\Users\eduar\Documents\GitHub\GVT\AST_MPU6050_STM32\MECSOL2024\MECSOL2024\MECSOL2024\MXTmpFiles\license.tmp
2025-08-10 21:38:41,675 [INFO] CodeEngine:255 - oldGeneratedFile, C:\Users\eduar\Documents\GitHub\GVT\AST_MPU6050_STM32\MECSOL2024\MECSOL2024\MECSOL2024\Core\Src\gpio.c_save
2025-08-10 21:38:41,807 [INFO] CodeEngine:279 - Generated code: C:\Users\eduar\Documents\GitHub\GVT\AST_MPU6050_STM32\MECSOL2024\MECSOL2024\MECSOL2024\Core\Src\gpio.c
2025-08-10 21:38:41,821 [INFO] CodeEngine:255 - oldGeneratedFile, C:\Users\eduar\Documents\GitHub\GVT\AST_MPU6050_STM32\MECSOL2024\MECSOL2024\MECSOL2024\Core\Inc\gpio.h_save
2025-08-10 21:38:41,914 [INFO] CodeEngine:279 - Generated code: C:\Users\eduar\Documents\GitHub\GVT\AST_MPU6050_STM32\MECSOL2024\MECSOL2024\MECSOL2024\Core\Inc\gpio.h
2025-08-10 21:38:42,057 [INFO] CodeEngine:255 - oldGeneratedFile, C:\Users\eduar\Documents\GitHub\GVT\AST_MPU6050_STM32\MECSOL2024\MECSOL2024\MECSOL2024\Core\Src\i2c.c_save
2025-08-10 21:38:42,213 [INFO] CodeEngine:279 - Generated code: C:\Users\eduar\Documents\GitHub\GVT\AST_MPU6050_STM32\MECSOL2024\MECSOL2024\MECSOL2024\Core\Src\i2c.c
2025-08-10 21:38:42,230 [INFO] CodeEngine:255 - oldGeneratedFile, C:\Users\eduar\Documents\GitHub\GVT\AST_MPU6050_STM32\MECSOL2024\MECSOL2024\MECSOL2024\Core\Inc\i2c.h_save
2025-08-10 21:38:42,324 [INFO] CodeEngine:279 - Generated code: C:\Users\eduar\Documents\GitHub\GVT\AST_MPU6050_STM32\MECSOL2024\MECSOL2024\MECSOL2024\Core\Inc\i2c.h
2025-08-10 21:38:42,374 [INFO] CodeEngine:255 - oldGeneratedFile, C:\Users\eduar\Documents\GitHub\GVT\AST_MPU6050_STM32\MECSOL2024\MECSOL2024\MECSOL2024\Core\Src\usart.c_save
2025-08-10 21:38:42,487 [INFO] CodeEngine:279 - Generated code: C:\Users\eduar\Documents\GitHub\GVT\AST_MPU6050_STM32\MECSOL2024\MECSOL2024\MECSOL2024\Core\Src\usart.c
2025-08-10 21:38:42,495 [INFO] CodeEngine:255 - oldGeneratedFile, C:\Users\eduar\Documents\GitHub\GVT\AST_MPU6050_STM32\MECSOL2024\MECSOL2024\MECSOL2024\Core\Inc\usart.h_save
2025-08-10 21:38:42,567 [INFO] CodeEngine:279 - Generated code: C:\Users\eduar\Documents\GitHub\GVT\AST_MPU6050_STM32\MECSOL2024\MECSOL2024\MECSOL2024\Core\Inc\usart.h
2025-08-10 21:38:42,593 [INFO] CodeEngine:255 - oldGeneratedFile, C:\Users\eduar\Documents\GitHub\GVT\AST_MPU6050_STM32\MECSOL2024\MECSOL2024\MECSOL2024\Core\Src\stm32f4xx_it.c_save
2025-08-10 21:38:42,682 [INFO] CodeEngine:279 - Generated code: C:\Users\eduar\Documents\GitHub\GVT\AST_MPU6050_STM32\MECSOL2024\MECSOL2024\MECSOL2024\Core\Src\stm32f4xx_it.c
2025-08-10 21:38:42,689 [INFO] CodeEngine:255 - oldGeneratedFile, C:\Users\eduar\Documents\GitHub\GVT\AST_MPU6050_STM32\MECSOL2024\MECSOL2024\MECSOL2024\Core\Inc\stm32f4xx_it.h_save
2025-08-10 21:38:42,766 [INFO] CodeEngine:279 - Generated code: C:\Users\eduar\Documents\GitHub\GVT\AST_MPU6050_STM32\MECSOL2024\MECSOL2024\MECSOL2024\Core\Inc\stm32f4xx_it.h
2025-08-10 21:38:42,797 [INFO] CodeEngine:255 - oldGeneratedFile, C:\Users\eduar\Documents\GitHub\GVT\AST_MPU6050_STM32\MECSOL2024\MECSOL2024\MECSOL2024\Core\Src\stm32f4xx_hal_msp.c_save
2025-08-10 21:38:42,884 [INFO] CodeEngine:279 - Generated code: C:\Users\eduar\Documents\GitHub\GVT\AST_MPU6050_STM32\MECSOL2024\MECSOL2024\MECSOL2024\Core\Src\stm32f4xx_hal_msp.c
2025-08-10 21:38:42,890 [INFO] CodeEngine:255 - oldGeneratedFile, C:\Users\eduar\Documents\GitHub\GVT\AST_MPU6050_STM32\MECSOL2024\MECSOL2024\MECSOL2024\MXTmpFiles\system.tmp_save
2025-08-10 21:38:42,945 [INFO] CodeEngine:279 - Generated code: C:\Users\eduar\Documents\GitHub\GVT\AST_MPU6050_STM32\MECSOL2024\MECSOL2024\MECSOL2024\MXTmpFiles\system.tmp
2025-08-10 21:38:42,969 [INFO] CodeEngine:311 - oldGeneratedFile, C:\Users\eduar\Documents\GitHub\GVT\AST_MPU6050_STM32\MECSOL2024\MECSOL2024\MECSOL2024\Core\Inc\stm32f4xx_hal_conf.h_save
2025-08-10 21:38:43,066 [INFO] CodeEngine:335 - Generated code: C:\Users\eduar\Documents\GitHub\GVT\AST_MPU6050_STM32\MECSOL2024\MECSOL2024\MECSOL2024\Core\Inc\stm32f4xx_hal_conf.h
2025-08-10 21:38:43,128 [INFO] CodeEngine:255 - oldGeneratedFile, C:\Users\eduar\Documents\GitHub\GVT\AST_MPU6050_STM32\MECSOL2024\MECSOL2024\MECSOL2024\Core\Inc\main.h_save
2025-08-10 21:38:43,209 [INFO] CodeEngine:279 - Generated code: C:\Users\eduar\Documents\GitHub\GVT\AST_MPU6050_STM32\MECSOL2024\MECSOL2024\MECSOL2024\Core\Inc\main.h
2025-08-10 21:38:43,225 [INFO] CodeEngine:255 - oldGeneratedFile, C:\Users\eduar\Documents\GitHub\GVT\AST_MPU6050_STM32\MECSOL2024\MECSOL2024\MECSOL2024\Core\Src\main.c_save
2025-08-10 21:38:43,340 [INFO] CodeEngine:279 - Generated code: C:\Users\eduar\Documents\GitHub\GVT\AST_MPU6050_STM32\MECSOL2024\MECSOL2024\MECSOL2024\Core\Src\main.c
2025-08-10 21:38:43,540 [INFO] ProjectBuilder:3163 - Time for Copy HAL[2] : 2mS.
2025-08-10 21:38:43,549 [INFO] ProjectBuilder:4736 - Project Generator version: 4.3.0-B58
2025-08-10 21:38:43,613 [INFO] ConfigFileManager:1503 - The Die is : DIE431
2025-08-10 21:38:44,929 [INFO] ProjectBuilder:5002 - Time for Generating toolchain IDE Files: 1379mS.
2025-08-10 21:38:44,930 [INFO] ProjectBuilder:3034 - Time for Copy CMSIS : 0mS.
2025-08-10 21:38:44,970 [INFO] ProjectBuilder:3034 - Time for Copy CMSIS : 0mS.
2025-08-10 21:45:54,691 [WARN] IP:2120 - I2C_Coeff_DF not found: check if there is a RefParameter without a condition.
2025-08-10 21:45:54,691 [WARN] IP:2120 - Analog_Filter not found: check if there is a RefParameter without a condition.
2025-08-10 21:45:54,692 [WARN] IP:2120 - I2C_Coeff_DF not found: check if there is a RefParameter without a condition.
2025-08-10 21:45:54,692 [WARN] IP:2120 - Analog_Filter not found: check if there is a RefParameter without a condition.
2025-08-10 21:45:54,763 [WARN] IP:2120 - I2C_Coeff_DF not found: check if there is a RefParameter without a condition.
2025-08-10 21:45:54,763 [WARN] IP:2120 - Analog_Filter not found: check if there is a RefParameter without a condition.
2025-08-10 21:45:56,359 [INFO] UtilMem:75 - End SaveConfig() Used Memory: 926072120 Bytes (1073741824)
2025-08-10 21:45:57,560 [INFO] UtilMem:75 - End SaveConfig() Used Memory: 715678712 Bytes (1073741824)
2025-08-10 21:45:59,123 [INFO] UtilMem:75 - End SaveConfig() Used Memory: 753807616 Bytes (1073741824)
2025-08-10 21:45:59,506 [INFO] BlockDiagram:2759 - set Specific Code input for plugin: NVIC
2025-08-10 21:45:59,506 [INFO] BlockDiagram:2759 - set Specific Code input for plugin: USART
2025-08-10 21:45:59,507 [INFO] BlockDiagram:2759 - set Specific Code input for plugin: SYS
2025-08-10 21:45:59,507 [INFO] BlockDiagram:2759 - set Specific Code input for plugin: GPIO
2025-08-10 21:45:59,507 [INFO] BlockDiagram:2759 - set Specific Code input for plugin: RCC
2025-08-10 21:45:59,507 [INFO] BlockDiagram:2759 - set Specific Code input for plugin: I2C
2025-08-10 21:45:59,507 [INFO] BlockDiagram:2759 - set Specific Code input for plugin: I2C
2025-08-10 21:45:59,510 [INFO] CodeGenerator:807 - code generatio: config db path: C:\ST\STM32CubeIDE_1.15.1\STM32CubeIDE\plugins\com.st.stm32cube.common.mx_6.11.1.202404110753\\db\
2025-08-10 21:45:59,512 [WARN] IP:2120 - I2C_Coeff_DF not found: check if there is a RefParameter without a condition.
2025-08-10 21:45:59,512 [WARN] IP:2120 - Analog_Filter not found: check if there is a RefParameter without a condition.
2025-08-10 21:45:59,514 [WARN] IP:2120 - I2C_Coeff_DF not found: check if there is a RefParameter without a condition.
2025-08-10 21:45:59,515 [WARN] IP:2120 - Analog_Filter not found: check if there is a RefParameter without a condition.
2025-08-10 21:45:59,614 [INFO] CodeEngine:255 - oldGeneratedFile, C:\Users\eduar\Documents\GitHub\GVT\AST_MPU6050_STM32\MECSOL2024\MECSOL2024\MECSOL2024\MXTmpFiles\license.tmp_save
2025-08-10 21:45:59,776 [INFO] CodeEngine:279 - Generated code: C:\Users\eduar\Documents\GitHub\GVT\AST_MPU6050_STM32\MECSOL2024\MECSOL2024\MECSOL2024\MXTmpFiles\license.tmp
2025-08-10 21:45:59,832 [INFO] CodeEngine:255 - oldGeneratedFile, C:\Users\eduar\Documents\GitHub\GVT\AST_MPU6050_STM32\MECSOL2024\MECSOL2024\MECSOL2024\Core\Src\gpio.c_save
2025-08-10 21:45:59,945 [INFO] CodeEngine:279 - Generated code: C:\Users\eduar\Documents\GitHub\GVT\AST_MPU6050_STM32\MECSOL2024\MECSOL2024\MECSOL2024\Core\Src\gpio.c
2025-08-10 21:45:59,958 [INFO] CodeEngine:255 - oldGeneratedFile, C:\Users\eduar\Documents\GitHub\GVT\AST_MPU6050_STM32\MECSOL2024\MECSOL2024\MECSOL2024\Core\Inc\gpio.h_save
2025-08-10 21:46:00,085 [INFO] CodeEngine:279 - Generated code: C:\Users\eduar\Documents\GitHub\GVT\AST_MPU6050_STM32\MECSOL2024\MECSOL2024\MECSOL2024\Core\Inc\gpio.h
2025-08-10 21:46:00,339 [INFO] CodeEngine:255 - oldGeneratedFile, C:\Users\eduar\Documents\GitHub\GVT\AST_MPU6050_STM32\MECSOL2024\MECSOL2024\MECSOL2024\Core\Src\i2c.c_save
2025-08-10 21:46:00,502 [INFO] CodeEngine:279 - Generated code: C:\Users\eduar\Documents\GitHub\GVT\AST_MPU6050_STM32\MECSOL2024\MECSOL2024\MECSOL2024\Core\Src\i2c.c
2025-08-10 21:46:00,517 [INFO] CodeEngine:255 - oldGeneratedFile, C:\Users\eduar\Documents\GitHub\GVT\AST_MPU6050_STM32\MECSOL2024\MECSOL2024\MECSOL2024\Core\Inc\i2c.h_save
2025-08-10 21:46:00,613 [INFO] CodeEngine:279 - Generated code: C:\Users\eduar\Documents\GitHub\GVT\AST_MPU6050_STM32\MECSOL2024\MECSOL2024\MECSOL2024\Core\Inc\i2c.h
2025-08-10 21:46:00,655 [INFO] CodeEngine:255 - oldGeneratedFile, C:\Users\eduar\Documents\GitHub\GVT\AST_MPU6050_STM32\MECSOL2024\MECSOL2024\MECSOL2024\Core\Src\usart.c_save
2025-08-10 21:46:00,757 [INFO] CodeEngine:279 - Generated code: C:\Users\eduar\Documents\GitHub\GVT\AST_MPU6050_STM32\MECSOL2024\MECSOL2024\MECSOL2024\Core\Src\usart.c
2025-08-10 21:46:00,764 [INFO] CodeEngine:255 - oldGeneratedFile, C:\Users\eduar\Documents\GitHub\GVT\AST_MPU6050_STM32\MECSOL2024\MECSOL2024\MECSOL2024\Core\Inc\usart.h_save
2025-08-10 21:46:00,832 [INFO] CodeEngine:279 - Generated code: C:\Users\eduar\Documents\GitHub\GVT\AST_MPU6050_STM32\MECSOL2024\MECSOL2024\MECSOL2024\Core\Inc\usart.h
2025-08-10 21:46:00,862 [INFO] CodeEngine:255 - oldGeneratedFile, C:\Users\eduar\Documents\GitHub\GVT\AST_MPU6050_STM32\MECSOL2024\MECSOL2024\MECSOL2024\Core\Src\stm32f4xx_it.c_save
2025-08-10 21:46:01,033 [INFO] CodeEngine:279 - Generated code: C:\Users\eduar\Documents\GitHub\GVT\AST_MPU6050_STM32\MECSOL2024\MECSOL2024\MECSOL2024\Core\Src\stm32f4xx_it.c
2025-08-10 21:46:01,040 [INFO] CodeEngine:255 - oldGeneratedFile, C:\Users\eduar\Documents\GitHub\GVT\AST_MPU6050_STM32\MECSOL2024\MECSOL2024\MECSOL2024\Core\Inc\stm32f4xx_it.h_save
2025-08-10 21:46:01,101 [INFO] CodeEngine:279 - Generated code: C:\Users\eduar\Documents\GitHub\GVT\AST_MPU6050_STM32\MECSOL2024\MECSOL2024\MECSOL2024\Core\Inc\stm32f4xx_it.h
2025-08-10 21:46:01,125 [INFO] CodeEngine:255 - oldGeneratedFile, C:\Users\eduar\Documents\GitHub\GVT\AST_MPU6050_STM32\MECSOL2024\MECSOL2024\MECSOL2024\Core\Src\stm32f4xx_hal_msp.c_save
2025-08-10 21:46:01,206 [INFO] CodeEngine:279 - Generated code: C:\Users\eduar\Documents\GitHub\GVT\AST_MPU6050_STM32\MECSOL2024\MECSOL2024\MECSOL2024\Core\Src\stm32f4xx_hal_msp.c
2025-08-10 21:46:01,213 [INFO] CodeEngine:255 - oldGeneratedFile, C:\Users\eduar\Documents\GitHub\GVT\AST_MPU6050_STM32\MECSOL2024\MECSOL2024\MECSOL2024\MXTmpFiles\system.tmp_save
2025-08-10 21:46:01,267 [INFO] CodeEngine:279 - Generated code: C:\Users\eduar\Documents\GitHub\GVT\AST_MPU6050_STM32\MECSOL2024\MECSOL2024\MECSOL2024\MXTmpFiles\system.tmp
2025-08-10 21:46:01,293 [INFO] CodeEngine:311 - oldGeneratedFile, C:\Users\eduar\Documents\GitHub\GVT\AST_MPU6050_STM32\MECSOL2024\MECSOL2024\MECSOL2024\Core\Inc\stm32f4xx_hal_conf.h_save
2025-08-10 21:46:01,401 [INFO] CodeEngine:335 - Generated code: C:\Users\eduar\Documents\GitHub\GVT\AST_MPU6050_STM32\MECSOL2024\MECSOL2024\MECSOL2024\Core\Inc\stm32f4xx_hal_conf.h
2025-08-10 21:46:01,458 [INFO] CodeEngine:255 - oldGeneratedFile, C:\Users\eduar\Documents\GitHub\GVT\AST_MPU6050_STM32\MECSOL2024\MECSOL2024\MECSOL2024\Core\Inc\main.h_save
2025-08-10 21:46:01,541 [INFO] CodeEngine:279 - Generated code: C:\Users\eduar\Documents\GitHub\GVT\AST_MPU6050_STM32\MECSOL2024\MECSOL2024\MECSOL2024\Core\Inc\main.h
2025-08-10 21:46:01,562 [INFO] CodeEngine:255 - oldGeneratedFile, C:\Users\eduar\Documents\GitHub\GVT\AST_MPU6050_STM32\MECSOL2024\MECSOL2024\MECSOL2024\Core\Src\main.c_save
2025-08-10 21:46:01,688 [INFO] CodeEngine:279 - Generated code: C:\Users\eduar\Documents\GitHub\GVT\AST_MPU6050_STM32\MECSOL2024\MECSOL2024\MECSOL2024\Core\Src\main.c
2025-08-10 21:46:01,842 [INFO] ProjectBuilder:3163 - Time for Copy HAL[2] : 2mS.
2025-08-10 21:46:01,847 [INFO] ProjectBuilder:4736 - Project Generator version: 4.3.0-B58
2025-08-10 21:46:01,914 [INFO] ConfigFileManager:1503 - The Die is : DIE431
2025-08-10 21:46:03,071 [INFO] ProjectBuilder:5002 - Time for Generating toolchain IDE Files: 1223mS.
2025-08-10 21:46:03,072 [INFO] ProjectBuilder:3034 - Time for Copy CMSIS : 0mS.
2025-08-10 21:46:03,077 [INFO] ProjectBuilder:3034 - Time for Copy CMSIS : 0mS.
2025-08-10 21:49:41,430 [WARN] IP:2120 - I2C_Coeff_DF not found: check if there is a RefParameter without a condition.
2025-08-10 21:49:41,430 [WARN] IP:2120 - Analog_Filter not found: check if there is a RefParameter without a condition.
2025-08-10 21:49:44,360 [WARN] IP:2120 - I2C_Coeff_DF not found: check if there is a RefParameter without a condition.
2025-08-10 21:49:44,361 [WARN] IP:2120 - Analog_Filter not found: check if there is a RefParameter without a condition.
2025-08-10 21:49:47,454 [INFO] UtilMem:75 - End SaveConfig() Used Memory: 827639856 Bytes (1073741824)
2025-08-10 21:49:49,271 [INFO] UtilMem:75 - End SaveConfig() Used Memory: 848611376 Bytes (1073741824)
2025-08-10 21:49:51,582 [INFO] UtilMem:75 - End SaveConfig() Used Memory: 711219296 Bytes (1073741824)
2025-08-10 21:49:51,826 [INFO] BlockDiagram:2759 - set Specific Code input for plugin: NVIC
2025-08-10 21:49:51,826 [INFO] BlockDiagram:2759 - set Specific Code input for plugin: USART
2025-08-10 21:49:51,826 [INFO] BlockDiagram:2759 - set Specific Code input for plugin: SYS
2025-08-10 21:49:51,826 [INFO] BlockDiagram:2759 - set Specific Code input for plugin: GPIO
2025-08-10 21:49:51,826 [INFO] BlockDiagram:2759 - set Specific Code input for plugin: RCC
2025-08-10 21:49:51,826 [INFO] BlockDiagram:2759 - set Specific Code input for plugin: I2C
2025-08-10 21:49:51,828 [INFO] CodeGenerator:807 - code generatio: config db path: C:\ST\STM32CubeIDE_1.15.1\STM32CubeIDE\plugins\com.st.stm32cube.common.mx_6.11.1.202404110753\\db\
2025-08-10 21:49:51,829 [WARN] IP:2120 - I2C_Coeff_DF not found: check if there is a RefParameter without a condition.
2025-08-10 21:49:51,829 [WARN] IP:2120 - Analog_Filter not found: check if there is a RefParameter without a condition.
2025-08-10 21:49:51,933 [INFO] CodeEngine:255 - oldGeneratedFile, C:\Users\eduar\Documents\GitHub\GVT\AST_MPU6050_STM32\MECSOL2024\MECSOL2024\MECSOL2024\MXTmpFiles\license.tmp_save
2025-08-10 21:49:52,015 [INFO] CodeEngine:279 - Generated code: C:\Users\eduar\Documents\GitHub\GVT\AST_MPU6050_STM32\MECSOL2024\MECSOL2024\MECSOL2024\MXTmpFiles\license.tmp
2025-08-10 21:49:52,051 [INFO] CodeEngine:255 - oldGeneratedFile, C:\Users\eduar\Documents\GitHub\GVT\AST_MPU6050_STM32\MECSOL2024\MECSOL2024\MECSOL2024\Core\Src\gpio.c_save
2025-08-10 21:49:52,127 [INFO] CodeEngine:279 - Generated code: C:\Users\eduar\Documents\GitHub\GVT\AST_MPU6050_STM32\MECSOL2024\MECSOL2024\MECSOL2024\Core\Src\gpio.c
2025-08-10 21:49:52,135 [INFO] CodeEngine:255 - oldGeneratedFile, C:\Users\eduar\Documents\GitHub\GVT\AST_MPU6050_STM32\MECSOL2024\MECSOL2024\MECSOL2024\Core\Inc\gpio.h_save
2025-08-10 21:49:52,202 [INFO] CodeEngine:279 - Generated code: C:\Users\eduar\Documents\GitHub\GVT\AST_MPU6050_STM32\MECSOL2024\MECSOL2024\MECSOL2024\Core\Inc\gpio.h
2025-08-10 21:49:52,337 [INFO] CodeEngine:255 - oldGeneratedFile, C:\Users\eduar\Documents\GitHub\GVT\AST_MPU6050_STM32\MECSOL2024\MECSOL2024\MECSOL2024\Core\Src\i2c.c_save
2025-08-10 21:49:52,462 [INFO] CodeEngine:279 - Generated code: C:\Users\eduar\Documents\GitHub\GVT\AST_MPU6050_STM32\MECSOL2024\MECSOL2024\MECSOL2024\Core\Src\i2c.c
2025-08-10 21:49:52,475 [INFO] CodeEngine:255 - oldGeneratedFile, C:\Users\eduar\Documents\GitHub\GVT\AST_MPU6050_STM32\MECSOL2024\MECSOL2024\MECSOL2024\Core\Inc\i2c.h_save
2025-08-10 21:49:52,542 [INFO] CodeEngine:279 - Generated code: C:\Users\eduar\Documents\GitHub\GVT\AST_MPU6050_STM32\MECSOL2024\MECSOL2024\MECSOL2024\Core\Inc\i2c.h
2025-08-10 21:49:52,570 [INFO] CodeEngine:255 - oldGeneratedFile, C:\Users\eduar\Documents\GitHub\GVT\AST_MPU6050_STM32\MECSOL2024\MECSOL2024\MECSOL2024\Core\Src\usart.c_save
2025-08-10 21:49:52,662 [INFO] CodeEngine:279 - Generated code: C:\Users\eduar\Documents\GitHub\GVT\AST_MPU6050_STM32\MECSOL2024\MECSOL2024\MECSOL2024\Core\Src\usart.c
2025-08-10 21:49:52,675 [INFO] CodeEngine:255 - oldGeneratedFile, C:\Users\eduar\Documents\GitHub\GVT\AST_MPU6050_STM32\MECSOL2024\MECSOL2024\MECSOL2024\Core\Inc\usart.h_save
2025-08-10 21:49:52,742 [INFO] CodeEngine:279 - Generated code: C:\Users\eduar\Documents\GitHub\GVT\AST_MPU6050_STM32\MECSOL2024\MECSOL2024\MECSOL2024\Core\Inc\usart.h
2025-08-10 21:49:52,769 [INFO] CodeEngine:255 - oldGeneratedFile, C:\Users\eduar\Documents\GitHub\GVT\AST_MPU6050_STM32\MECSOL2024\MECSOL2024\MECSOL2024\Core\Src\stm32f4xx_it.c_save
2025-08-10 21:49:52,853 [INFO] CodeEngine:279 - Generated code: C:\Users\eduar\Documents\GitHub\GVT\AST_MPU6050_STM32\MECSOL2024\MECSOL2024\MECSOL2024\Core\Src\stm32f4xx_it.c
2025-08-10 21:49:52,860 [INFO] CodeEngine:255 - oldGeneratedFile, C:\Users\eduar\Documents\GitHub\GVT\AST_MPU6050_STM32\MECSOL2024\MECSOL2024\MECSOL2024\Core\Inc\stm32f4xx_it.h_save
2025-08-10 21:49:52,929 [INFO] CodeEngine:279 - Generated code: C:\Users\eduar\Documents\GitHub\GVT\AST_MPU6050_STM32\MECSOL2024\MECSOL2024\MECSOL2024\Core\Inc\stm32f4xx_it.h
2025-08-10 21:49:52,963 [INFO] CodeEngine:255 - oldGeneratedFile, C:\Users\eduar\Documents\GitHub\GVT\AST_MPU6050_STM32\MECSOL2024\MECSOL2024\MECSOL2024\Core\Src\stm32f4xx_hal_msp.c_save
2025-08-10 21:49:53,056 [INFO] CodeEngine:279 - Generated code: C:\Users\eduar\Documents\GitHub\GVT\AST_MPU6050_STM32\MECSOL2024\MECSOL2024\MECSOL2024\Core\Src\stm32f4xx_hal_msp.c
2025-08-10 21:49:53,061 [INFO] CodeEngine:255 - oldGeneratedFile, C:\Users\eduar\Documents\GitHub\GVT\AST_MPU6050_STM32\MECSOL2024\MECSOL2024\MECSOL2024\MXTmpFiles\system.tmp_save
2025-08-10 21:49:53,133 [INFO] CodeEngine:279 - Generated code: C:\Users\eduar\Documents\GitHub\GVT\AST_MPU6050_STM32\MECSOL2024\MECSOL2024\MECSOL2024\MXTmpFiles\system.tmp
2025-08-10 21:49:53,160 [INFO] CodeEngine:311 - oldGeneratedFile, C:\Users\eduar\Documents\GitHub\GVT\AST_MPU6050_STM32\MECSOL2024\MECSOL2024\MECSOL2024\Core\Inc\stm32f4xx_hal_conf.h_save
2025-08-10 21:49:53,263 [INFO] CodeEngine:335 - Generated code: C:\Users\eduar\Documents\GitHub\GVT\AST_MPU6050_STM32\MECSOL2024\MECSOL2024\MECSOL2024\Core\Inc\stm32f4xx_hal_conf.h
2025-08-10 21:49:53,318 [INFO] CodeEngine:255 - oldGeneratedFile, C:\Users\eduar\Documents\GitHub\GVT\AST_MPU6050_STM32\MECSOL2024\MECSOL2024\MECSOL2024\Core\Inc\main.h_save
2025-08-10 21:49:53,406 [INFO] CodeEngine:279 - Generated code: C:\Users\eduar\Documents\GitHub\GVT\AST_MPU6050_STM32\MECSOL2024\MECSOL2024\MECSOL2024\Core\Inc\main.h
2025-08-10 21:49:53,426 [INFO] CodeEngine:255 - oldGeneratedFile, C:\Users\eduar\Documents\GitHub\GVT\AST_MPU6050_STM32\MECSOL2024\MECSOL2024\MECSOL2024\Core\Src\main.c_save
2025-08-10 21:49:53,537 [INFO] CodeEngine:279 - Generated code: C:\Users\eduar\Documents\GitHub\GVT\AST_MPU6050_STM32\MECSOL2024\MECSOL2024\MECSOL2024\Core\Src\main.c
2025-08-10 21:49:53,687 [INFO] ProjectBuilder:3163 - Time for Copy HAL[2] : 1mS.
2025-08-10 21:49:53,693 [INFO] ProjectBuilder:4736 - Project Generator version: 4.3.0-B58
2025-08-10 21:49:53,756 [INFO] ConfigFileManager:1503 - The Die is : DIE431
2025-08-10 21:49:54,907 [INFO] ProjectBuilder:5002 - Time for Generating toolchain IDE Files: 1213mS.
2025-08-10 21:49:54,908 [INFO] ProjectBuilder:3034 - Time for Copy CMSIS : 0mS.
2025-08-10 21:49:54,915 [INFO] ProjectBuilder:3034 - Time for Copy CMSIS : 0mS.
2025-08-10 22:31:13,860 [WARN] IP:2120 - I2C_Coeff_DF not found: check if there is a RefParameter without a condition.
2025-08-10 22:31:13,861 [WARN] IP:2120 - Analog_Filter not found: check if there is a RefParameter without a condition.
2025-08-10 22:31:21,205 [WARN] IP:2120 - I2C_Coeff_DF not found: check if there is a RefParameter without a condition.
2025-08-10 22:31:21,205 [WARN] IP:2120 - Analog_Filter not found: check if there is a RefParameter without a condition.
2025-08-10 22:31:21,205 [WARN] IP:2120 - I2C_Coeff_DF not found: check if there is a RefParameter without a condition.
2025-08-10 22:31:21,205 [WARN] IP:2120 - Analog_Filter not found: check if there is a RefParameter without a condition.
2025-08-10 22:31:21,254 [INFO] NvicIntPanel:101 - NVIC parent = com.st.microxplorer.plugins.ip.nvic.MultiNvicIntPanel[,0,0,0x0,invalid,layout=javax.swing.BoxLayout,alignmentX=0.0,alignmentY=0.0,border=,flags=9,maximumSize=,minimumSize=,preferredSize=]
2025-08-10 22:31:21,293 [WARN] IP:2120 - I2C_Coeff_DF not found: check if there is a RefParameter without a condition.
2025-08-10 22:31:21,293 [WARN] IP:2120 - Analog_Filter not found: check if there is a RefParameter without a condition.
2025-08-10 22:31:21,306 [WARN] IP:2120 - I2C_Coeff_DF not found: check if there is a RefParameter without a condition.
2025-08-10 22:31:21,306 [WARN] IP:2120 - Analog_Filter not found: check if there is a RefParameter without a condition.
2025-08-10 22:31:24,740 [INFO] UtilMem:75 - End SaveConfig() Used Memory: 901325320 Bytes (1073741824)
2025-08-10 22:31:26,293 [INFO] UtilMem:75 - End SaveConfig() Used Memory: 922297672 Bytes (1073741824)
2025-08-10 22:31:28,320 [INFO] UtilMem:75 - End SaveConfig() Used Memory: 764584984 Bytes (1073741824)
2025-08-10 22:31:28,628 [INFO] BlockDiagram:2759 - set Specific Code input for plugin: NVIC
2025-08-10 22:31:28,629 [INFO] BlockDiagram:2759 - set Specific Code input for plugin: USART
2025-08-10 22:31:28,629 [INFO] BlockDiagram:2759 - set Specific Code input for plugin: SYS
2025-08-10 22:31:28,629 [INFO] BlockDiagram:2759 - set Specific Code input for plugin: GPIO
2025-08-10 22:31:28,629 [INFO] BlockDiagram:2759 - set Specific Code input for plugin: RCC
2025-08-10 22:31:28,629 [INFO] BlockDiagram:2759 - set Specific Code input for plugin: I2C
2025-08-10 22:31:28,631 [INFO] CodeGenerator:807 - code generatio: config db path: C:\ST\STM32CubeIDE_1.15.1\STM32CubeIDE\plugins\com.st.stm32cube.common.mx_6.11.1.202404110753\\db\
2025-08-10 22:31:28,633 [WARN] IP:2120 - I2C_Coeff_DF not found: check if there is a RefParameter without a condition.
2025-08-10 22:31:28,633 [WARN] IP:2120 - Analog_Filter not found: check if there is a RefParameter without a condition.
2025-08-10 22:31:28,791 [INFO] CodeEngine:255 - oldGeneratedFile, C:\Users\eduar\Documents\GitHub\GVT\AST_MPU6050_STM32\MECSOL2024\MECSOL2024\MECSOL2024\MXTmpFiles\license.tmp_save
2025-08-10 22:31:28,892 [INFO] CodeEngine:279 - Generated code: C:\Users\eduar\Documents\GitHub\GVT\AST_MPU6050_STM32\MECSOL2024\MECSOL2024\MECSOL2024\MXTmpFiles\license.tmp
2025-08-10 22:31:28,962 [INFO] CodeEngine:255 - oldGeneratedFile, C:\Users\eduar\Documents\GitHub\GVT\AST_MPU6050_STM32\MECSOL2024\MECSOL2024\MECSOL2024\Core\Src\gpio.c_save
2025-08-10 22:31:29,077 [INFO] CodeEngine:279 - Generated code: C:\Users\eduar\Documents\GitHub\GVT\AST_MPU6050_STM32\MECSOL2024\MECSOL2024\MECSOL2024\Core\Src\gpio.c
2025-08-10 22:31:29,103 [INFO] CodeEngine:255 - oldGeneratedFile, C:\Users\eduar\Documents\GitHub\GVT\AST_MPU6050_STM32\MECSOL2024\MECSOL2024\MECSOL2024\Core\Inc\gpio.h_save
2025-08-10 22:31:29,198 [INFO] CodeEngine:279 - Generated code: C:\Users\eduar\Documents\GitHub\GVT\AST_MPU6050_STM32\MECSOL2024\MECSOL2024\MECSOL2024\Core\Inc\gpio.h
2025-08-10 22:31:29,369 [INFO] CodeEngine:255 - oldGeneratedFile, C:\Users\eduar\Documents\GitHub\GVT\AST_MPU6050_STM32\MECSOL2024\MECSOL2024\MECSOL2024\Core\Src\i2c.c_save
2025-08-10 22:31:29,529 [INFO] CodeEngine:279 - Generated code: C:\Users\eduar\Documents\GitHub\GVT\AST_MPU6050_STM32\MECSOL2024\MECSOL2024\MECSOL2024\Core\Src\i2c.c
2025-08-10 22:31:29,568 [INFO] CodeEngine:255 - oldGeneratedFile, C:\Users\eduar\Documents\GitHub\GVT\AST_MPU6050_STM32\MECSOL2024\MECSOL2024\MECSOL2024\Core\Inc\i2c.h_save
2025-08-10 22:31:29,669 [INFO] CodeEngine:279 - Generated code: C:\Users\eduar\Documents\GitHub\GVT\AST_MPU6050_STM32\MECSOL2024\MECSOL2024\MECSOL2024\Core\Inc\i2c.h
2025-08-10 22:31:29,768 [INFO] CodeEngine:255 - oldGeneratedFile, C:\Users\eduar\Documents\GitHub\GVT\AST_MPU6050_STM32\MECSOL2024\MECSOL2024\MECSOL2024\Core\Src\usart.c_save
2025-08-10 22:31:29,885 [INFO] CodeEngine:279 - Generated code: C:\Users\eduar\Documents\GitHub\GVT\AST_MPU6050_STM32\MECSOL2024\MECSOL2024\MECSOL2024\Core\Src\usart.c
2025-08-10 22:31:29,894 [INFO] CodeEngine:255 - oldGeneratedFile, C:\Users\eduar\Documents\GitHub\GVT\AST_MPU6050_STM32\MECSOL2024\MECSOL2024\MECSOL2024\Core\Inc\usart.h_save
2025-08-10 22:31:29,987 [INFO] CodeEngine:279 - Generated code: C:\Users\eduar\Documents\GitHub\GVT\AST_MPU6050_STM32\MECSOL2024\MECSOL2024\MECSOL2024\Core\Inc\usart.h
2025-08-10 22:31:30,022 [INFO] CodeEngine:255 - oldGeneratedFile, C:\Users\eduar\Documents\GitHub\GVT\AST_MPU6050_STM32\MECSOL2024\MECSOL2024\MECSOL2024\Core\Src\stm32f4xx_it.c_save
2025-08-10 22:31:30,217 [INFO] CodeEngine:279 - Generated code: C:\Users\eduar\Documents\GitHub\GVT\AST_MPU6050_STM32\MECSOL2024\MECSOL2024\MECSOL2024\Core\Src\stm32f4xx_it.c
2025-08-10 22:31:30,244 [INFO] CodeEngine:255 - oldGeneratedFile, C:\Users\eduar\Documents\GitHub\GVT\AST_MPU6050_STM32\MECSOL2024\MECSOL2024\MECSOL2024\Core\Inc\stm32f4xx_it.h_save
2025-08-10 22:31:30,341 [INFO] CodeEngine:279 - Generated code: C:\Users\eduar\Documents\GitHub\GVT\AST_MPU6050_STM32\MECSOL2024\MECSOL2024\MECSOL2024\Core\Inc\stm32f4xx_it.h
2025-08-10 22:31:30,381 [INFO] CodeEngine:255 - oldGeneratedFile, C:\Users\eduar\Documents\GitHub\GVT\AST_MPU6050_STM32\MECSOL2024\MECSOL2024\MECSOL2024\Core\Src\stm32f4xx_hal_msp.c_save
2025-08-10 22:31:30,511 [INFO] CodeEngine:279 - Generated code: C:\Users\eduar\Documents\GitHub\GVT\AST_MPU6050_STM32\MECSOL2024\MECSOL2024\MECSOL2024\Core\Src\stm32f4xx_hal_msp.c
2025-08-10 22:31:30,525 [INFO] CodeEngine:255 - oldGeneratedFile, C:\Users\eduar\Documents\GitHub\GVT\AST_MPU6050_STM32\MECSOL2024\MECSOL2024\MECSOL2024\MXTmpFiles\system.tmp_save
2025-08-10 22:31:30,602 [INFO] CodeEngine:279 - Generated code: C:\Users\eduar\Documents\GitHub\GVT\AST_MPU6050_STM32\MECSOL2024\MECSOL2024\MECSOL2024\MXTmpFiles\system.tmp
2025-08-10 22:31:30,641 [INFO] CodeEngine:311 - oldGeneratedFile, C:\Users\eduar\Documents\GitHub\GVT\AST_MPU6050_STM32\MECSOL2024\MECSOL2024\MECSOL2024\Core\Inc\stm32f4xx_hal_conf.h_save
2025-08-10 22:31:30,738 [INFO] CodeEngine:335 - Generated code: C:\Users\eduar\Documents\GitHub\GVT\AST_MPU6050_STM32\MECSOL2024\MECSOL2024\MECSOL2024\Core\Inc\stm32f4xx_hal_conf.h
2025-08-10 22:31:30,817 [INFO] CodeEngine:255 - oldGeneratedFile, C:\Users\eduar\Documents\GitHub\GVT\AST_MPU6050_STM32\MECSOL2024\MECSOL2024\MECSOL2024\Core\Inc\main.h_save
2025-08-10 22:31:30,940 [INFO] CodeEngine:279 - Generated code: C:\Users\eduar\Documents\GitHub\GVT\AST_MPU6050_STM32\MECSOL2024\MECSOL2024\MECSOL2024\Core\Inc\main.h
2025-08-10 22:31:30,968 [INFO] CodeEngine:255 - oldGeneratedFile, C:\Users\eduar\Documents\GitHub\GVT\AST_MPU6050_STM32\MECSOL2024\MECSOL2024\MECSOL2024\Core\Src\main.c_save
2025-08-10 22:31:31,086 [INFO] CodeEngine:279 - Generated code: C:\Users\eduar\Documents\GitHub\GVT\AST_MPU6050_STM32\MECSOL2024\MECSOL2024\MECSOL2024\Core\Src\main.c
2025-08-10 22:31:31,275 [INFO] ProjectBuilder:3163 - Time for Copy HAL[2] : 1mS.
2025-08-10 22:31:31,284 [INFO] ProjectBuilder:4736 - Project Generator version: 4.3.0-B58
2025-08-10 22:31:31,381 [INFO] ConfigFileManager:1503 - The Die is : DIE431
2025-08-10 22:31:32,680 [INFO] ProjectBuilder:5002 - Time for Generating toolchain IDE Files: 1396mS.
2025-08-10 22:31:32,681 [INFO] ProjectBuilder:3034 - Time for Copy CMSIS : 1mS.
2025-08-10 22:31:32,685 [INFO] ProjectBuilder:3034 - Time for Copy CMSIS : 0mS.
2025-08-10 22:31:50,449 [WARN] IP:2120 - I2C_Coeff_DF not found: check if there is a RefParameter without a condition.
2025-08-10 22:31:50,450 [WARN] IP:2120 - Analog_Filter not found: check if there is a RefParameter without a condition.
2025-08-10 22:31:50,457 [WARN] IP:2120 - I2C_Coeff_DF not found: check if there is a RefParameter without a condition.
2025-08-10 22:31:50,457 [WARN] IP:2120 - Analog_Filter not found: check if there is a RefParameter without a condition.
2025-08-10 22:58:05,583 [ERROR] LogOutputStream:75 - [STDERR_REDIRECT] 
